study_hours,play_hours,sleep_hours,tv_hours,pass
5.49,1.86,6.19,1.78,1
4.22,1.82,6.63,1.95,0
5.8,0.0,6.28,2.1,1
7.55,2.0,7.13,3.42,1
4.03,3.6,8.44,0.88,1
4.03,0.59,6.07,0.73,1
7.66,4.07,8.2,3.85,1
6.03,3.23,6.06,1.31,0
3.56,1.4,5.98,0.11,1
5.59,2.29,7.98,1.27,1
3.57,4.9,8.11,1.5,0
3.57,3.6,8.02,4.33,0
4.98,2.51,5.42,3.39,0
0.67,2.14,6.44,3.72,0
1.05,2.61,7.99,3.23,0
3.38,1.73,7.05,3.42,0
2.47,0.0,5.71,0.97,1
5.13,5.56,7.55,1.7,1
2.68,2.73,6.14,0.52,1
1.68,3.1,9.15,1.68,0
7.43,2.41,8.85,3.03,1
4.05,1.4,7.72,2.2,1
4.64,2.22,8.63,3.97,1
1.65,0.1,7.08,0.29,1
3.41,5.92,7.92,2.75,0
4.72,0.65,8.77,0.13,1
2.2,0.95,7.29,2.14,0
5.25,1.84,6.69,3.11,1
3.3,4.43,4.95,1.68,1
3.92,2.52,6.9,2.83,0
3.3,0.65,7.99,0.56,1
8.2,4.38,8.13,0.0,1
4.47,3.6,7.61,2.84,1
2.38,3.31,6.35,4.62,0
6.15,3.57,4.63,0.51,1
2.06,6.09,6.41,3.83,0
4.92,5.78,6.63,2.07,1
0.58,1.47,6.62,0.0,0
1.84,4.94,7.74,0.3,0
4.89,3.07,9.38,2.02,1
5.98,3.25,7.15,1.39,1
4.84,0.0,6.74,0.03,1
4.27,2.24,6.69,0.0,1
3.9,1.28,7.15,0.73,0
1.54,3.74,6.01,2.29,0
3.06,4.11,7.14,1.99,0
3.58,0.0,7.54,1.25,0
6.61,2.47,7.25,2.3,0
5.19,4.18,7.55,3.56,0
0.97,2.22,7.52,2.59,1
5.15,3.59,4.87,1.82,0
3.73,3.03,7.76,3.39,1
3.15,3.01,6.19,0.56,1
5.72,2.09,5.68,1.66,1
6.56,0.68,5.67,1.7,1
6.36,0.82,7.52,0.14,1
2.82,3.56,6.73,1.37,0
3.88,2.53,4.98,0.0,1
5.16,2.29,7.57,4.87,1
6.45,1.86,5.27,0.59,1
3.54,2.04,7.17,4.38,0
4.13,4.07,7.29,2.06,1
2.29,2.0,8.06,2.85,1
2.11,0.49,9.14,1.27,1
6.13,3.62,5.36,2.31,1
7.21,2.19,6.94,2.98,1
4.36,2.55,6.67,3.0,1
6.51,4.91,7.52,3.16,1
5.22,2.47,7.26,1.45,1
3.21,2.93,6.58,1.28,1
5.22,0.73,6.47,0.0,0
7.58,2.17,5.66,2.78,1
4.43,3.41,8.19,3.62,0
7.63,0.17,7.55,4.42,1
0.0,2.8,8.1,2.46,1
6.14,2.65,6.63,0.85,0
4.67,2.56,6.21,0.0,1
3.9,4.06,5.71,3.56,0
4.68,3.0,7.43,0.0,1
0.52,4.72,5.75,1.49,0
4.06,1.01,9.22,1.66,1
5.21,2.7,5.43,1.9,1
7.46,2.63,7.33,2.05,1
3.46,0.9,8.88,2.21,0
2.88,3.93,7.72,0.0,1
3.5,5.99,7.21,2.02,0
6.33,2.47,5.84,0.0,1
5.16,3.26,5.34,3.1,1
3.44,2.63,7.92,1.17,1
5.53,1.43,8.81,0.0,1
4.69,0.0,6.47,0.78,1
6.44,1.44,5.63,1.14,1
3.1,0.41,4.05,3.79,1
3.84,5.06,5.82,2.29,0
3.72,2.33,6.86,2.52,0
1.57,1.98,8.92,3.77,0
5.09,3.83,7.81,1.86,1
5.02,0.82,7.37,3.13,1
4.51,1.35,6.52,3.03,0
4.03,2.6,6.3,0.07,1
1.67,4.04,8.69,4.21,0
3.66,3.25,7.24,0.0,0
3.81,2.87,4.48,3.38,1
2.9,2.62,6.19,0.0,0
4.18,3.1,5.97,2.9,1
5.31,2.8,6.34,4.79,1
8.27,0.96,7.68,1.68,1
4.85,2.57,6.87,1.62,1
5.02,0.89,6.91,2.92,1
4.35,2.62,8.58,1.51,1
0.66,1.78,6.16,4.73,0
4.45,6.31,9.24,2.29,0
4.62,2.44,6.19,1.52,1
9.43,0.39,7.11,1.19,1
4.12,2.3,6.66,0.6,1
5.1,3.28,7.15,1.06,1
4.43,5.01,7.53,1.47,1
2.16,1.62,7.52,1.27,1
6.79,0.13,6.1,1.01,1
6.0,3.73,5.65,5.15,1
6.08,0.43,10.0,0.45,1
2.68,1.85,6.42,2.22,0
7.31,2.11,7.84,2.89,1
1.7,2.4,5.07,2.95,0
5.67,3.53,6.66,1.91,0
8.88,1.47,6.85,1.64,1
2.52,2.09,7.57,2.68,0
3.37,2.48,3.73,2.4,0
4.7,2.72,7.2,1.61,0
3.49,2.65,5.62,0.0,1
1.4,3.15,7.39,1.3,0
4.64,3.77,5.76,0.28,1
2.38,3.09,5.97,1.0,0
5.45,3.18,6.67,2.05,1
2.66,0.13,5.74,2.54,1
7.6,2.58,6.43,4.67,1
2.93,3.22,5.57,1.19,0
3.86,3.59,4.8,3.16,0
6.13,1.46,8.22,2.46,1
2.04,1.51,5.44,3.94,0
4.95,1.64,6.79,2.86,1
7.11,3.3,7.9,0.49,1
1.29,4.05,6.26,0.0,0
4.87,1.89,6.01,2.47,1
5.02,3.86,7.27,1.21,1
6.06,2.69,8.34,0.53,1
2.03,2.31,5.6,0.1,0
1.86,2.18,6.82,2.24,1
5.54,3.62,4.92,4.26,1
5.09,2.99,6.53,1.39,1
5.0,5.91,7.04,2.89,0
5.19,1.22,5.97,1.85,1
3.14,3.28,6.45,0.07,1
4.96,1.71,5.31,3.1,0
5.09,1.2,7.09,0.36,1
3.07,2.48,8.27,2.03,0
8.23,2.71,5.68,1.49,1
5.45,6.88,6.25,3.34,0
2.12,2.22,7.6,0.41,1
5.81,0.8,8.45,2.59,1
2.55,2.91,5.21,0.74,0
6.07,0.0,6.8,1.23,1
6.82,2.36,7.34,0.0,1
2.86,2.52,6.88,5.14,0
6.43,3.69,4.03,2.83,1
5.33,3.96,7.6,0.85,1
6.14,1.74,8.82,0.31,1
8.29,2.27,7.14,1.26,1
4.01,1.35,5.76,3.08,0
2.99,0.81,6.38,0.0,1
2.72,2.96,9.12,1.79,1
2.87,0.59,8.09,4.66,1
4.35,1.88,7.77,0.3,1
5.18,1.01,7.43,2.12,0
5.05,3.32,6.21,5.3,0
6.15,5.2,6.76,2.95,1
4.53,0.55,6.91,2.19,1
7.41,0.0,7.66,2.76,1
3.97,2.31,8.81,1.4,0
9.94,2.52,8.34,3.95,1
5.75,2.83,5.3,1.4,1
2.79,1.83,7.27,0.0,0
2.36,2.2,7.88,1.41,1
5.46,3.05,7.74,0.55,1
4.05,4.06,6.24,1.58,0
5.93,0.0,10.0,1.61,1
5.45,1.95,5.47,3.8,0
4.35,2.82,5.7,3.04,1
2.81,1.12,7.28,2.39,1
1.47,5.1,9.54,2.0,0
3.61,1.55,6.0,0.41,1
6.21,2.44,6.68,0.0,1
4.93,3.33,8.29,2.17,1
2.01,1.61,6.98,3.19,0
4.85,0.0,6.6,1.84,1
5.27,1.86,7.68,1.2,1
2.73,4.04,7.33,2.7,0
4.81,1.99,8.24,1.88,1
4.62,1.23,8.55,4.53,1
2.21,3.89,7.37,3.85,0
5.22,2.0,7.35,3.44,1
5.62,1.73,7.26,3.14,1
6.67,2.72,7.59,0.06,1
6.61,3.66,7.07,2.99,1
1.74,6.07,7.0,2.56,0
2.62,3.74,8.44,2.91,0
5.53,4.24,8.82,2.74,1
5.53,1.74,5.19,2.68,0
5.53,0.96,7.01,6.05,1
10.0,2.59,6.17,1.89,1
5.64,2.66,6.63,3.4,1
6.77,0.88,7.48,1.29,1
6.41,2.24,7.8,3.19,1
5.8,3.1,6.87,3.41,1
3.87,3.04,4.7,2.55,1
6.02,3.26,5.84,4.5,1
2.95,2.94,8.08,0.67,0
4.03,1.74,3.71,1.27,0
3.53,1.73,8.42,2.32,0
4.66,0.7,7.63,3.32,1
9.13,5.18,8.58,2.27,1
0.77,2.52,6.76,3.93,0
5.87,2.16,4.53,1.01,1
1.27,1.11,7.52,0.29,0
3.56,6.9,8.53,2.46,1
6.68,0.89,8.11,1.88,1
4.63,1.86,6.2,2.81,1
2.34,3.12,7.1,1.96,0
3.07,3.4,6.36,1.49,0
5.86,3.94,6.02,1.89,1
3.04,5.21,8.15,2.04,0
4.93,3.26,5.56,1.54,0
4.59,0.92,5.93,1.7,0
3.2,2.11,5.68,1.39,0
8.79,2.96,5.21,3.28,1
5.77,5.6,7.18,2.29,0
0.45,0.4,8.39,5.39,0
4.87,4.3,6.78,2.24,1
3.18,2.77,5.19,1.17,0
6.2,3.76,8.01,6.01,1
2.91,2.35,9.02,2.62,1
4.27,1.24,6.22,3.49,1
5.51,3.63,6.43,2.89,1
6.23,3.48,7.62,2.93,1
2.1,3.96,8.95,2.8,0
3.83,2.48,6.38,0.35,0
3.55,1.6,5.4,2.55,0
3.19,0.16,7.76,0.01,1
8.03,3.73,7.96,1.74,1
5.31,3.14,7.01,0.91,1
1.98,1.05,6.33,2.54,1
6.34,1.69,8.19,2.5,1
8.74,1.8,7.63,2.72,1
6.56,0.28,6.08,2.43,1
1.46,1.27,7.06,1.09,0
3.53,0.8,5.38,1.61,0
7.03,1.88,7.82,3.38,1
3.08,1.39,6.69,3.6,0
5.39,0.06,6.48,0.28,1
6.05,5.53,6.96,0.0,1
2.65,4.38,7.05,0.91,0
4.38,1.33,8.07,3.57,0
0.0,2.91,7.71,3.82,0
2.45,3.13,6.81,0.61,0
3.99,4.29,7.92,2.46,1
2.0,1.27,7.48,4.75,1
7.76,4.14,6.49,2.62,1
1.64,1.68,6.85,4.13,0
3.62,0.5,6.82,3.5,1
4.76,3.59,7.61,0.63,1
7.38,4.44,6.56,1.72,1
1.63,6.38,6.53,2.05,0
6.83,0.7,9.36,2.16,1
4.52,3.55,8.13,3.37,1
2.54,1.89,6.09,2.61,0
5.42,3.68,7.69,0.0,1
4.9,0.29,7.14,0.03,1
3.3,0.61,7.47,0.0,0
4.64,1.34,7.16,2.26,1
3.73,2.62,8.43,2.36,0
4.73,1.54,7.41,2.42,1
5.82,3.49,6.93,0.56,0
7.67,4.04,8.25,3.01,0
2.02,3.4,7.28,3.07,0
8.77,4.93,7.15,0.12,1
0.6,3.12,7.38,0.0,1
4.2,0.67,6.89,2.0,1
5.68,4.55,7.01,4.69,1
5.06,1.59,6.3,4.55,0
3.25,3.87,6.1,2.85,1
4.08,4.86,5.8,0.91,0
3.51,3.19,5.33,3.33,0
3.32,0.26,5.94,1.32,1
6.2,1.12,6.79,0.85,1
5.21,4.48,7.12,0.0,1
3.11,2.25,6.67,2.15,0
6.3,2.62,4.17,1.06,1
5.11,3.64,8.89,2.14,1
6.13,3.54,8.3,0.0,1
5.76,2.92,7.53,2.25,1
2.84,2.19,9.29,0.0,0
3.38,2.03,5.83,3.63,0
5.99,3.79,9.27,2.78,1
5.72,3.33,5.84,1.58,1
4.46,2.11,7.29,2.84,0
4.73,4.12,5.47,0.53,0
7.06,2.31,7.02,2.11,1
3.32,1.22,7.46,3.19,1
5.59,1.36,6.81,0.0,1
4.1,1.03,7.86,1.33,1
4.06,2.09,7.12,1.97,1
6.7,4.35,6.37,1.71,1
6.15,1.29,6.32,4.19,1
6.13,2.78,7.97,0.31,1
7.11,1.51,6.22,1.07,1
4.54,2.11,8.1,0.0,1
5.86,0.23,8.47,4.27,1
3.88,2.17,5.0,1.63,1
5.15,2.21,8.36,1.34,0
4.24,3.31,9.47,1.92,1
4.69,2.83,7.3,2.95,1
5.69,0.7,7.72,2.52,1
2.86,4.13,8.24,5.97,0
8.68,2.82,6.67,2.68,1
2.49,2.8,7.22,1.3,0
2.07,2.49,5.42,1.16,0
6.82,1.72,7.17,1.41,1
6.08,2.83,7.6,0.0,1
5.75,3.21,7.62,2.06,1
5.76,0.0,8.28,3.18,1
4.48,1.69,6.07,1.08,1
2.71,2.12,6.36,0.79,0
4.65,2.88,9.27,4.27,1
3.15,4.29,6.82,0.0,1
6.45,1.34,7.24,0.0,1
4.21,1.75,6.92,0.27,1
2.85,1.73,6.01,0.0,1
3.86,1.3,8.95,2.58,1
5.33,1.98,6.37,1.46,1
3.37,3.66,5.65,1.67,1
2.86,0.92,6.46,3.73,0
4.99,3.14,4.6,0.96,0
4.99,0.0,6.22,3.16,1
3.49,1.66,5.84,4.27,0
3.56,2.01,7.74,1.32,1
4.96,5.01,6.19,3.11,0
1.6,2.09,8.07,1.64,1
1.69,0.0,8.68,3.39,1
3.06,0.0,7.94,0.0,1
4.07,2.55,6.74,0.0,0
5.12,3.42,7.17,1.41,1
7.45,3.06,5.17,0.67,1
6.22,2.75,6.84,1.22,1
4.18,4.24,5.97,1.67,1
4.46,1.69,7.83,3.08,1
2.49,3.84,10.0,1.39,0
4.46,0.05,7.6,0.76,1
3.92,1.14,4.61,1.47,0
5.15,0.0,6.57,0.85,1
2.85,2.09,7.15,0.6,1
5.54,2.43,7.1,0.0,1
7.57,2.67,6.12,2.1,1
4.28,2.59,7.29,1.15,1
5.3,1.11,5.51,3.45,1
5.88,2.21,5.87,0.0,1
3.7,0.25,7.77,1.19,0
4.95,4.54,5.78,4.72,1
4.53,2.04,7.65,0.59,0
4.7,1.77,5.36,1.65,1
2.95,4.88,9.12,0.18,1
4.55,0.64,6.07,0.0,1
5.5,0.81,6.73,4.32,1
7.4,0.86,7.4,2.26,1
6.42,2.4,6.32,2.2,1
8.81,3.15,7.17,0.0,1
2.97,3.61,7.69,2.54,1
6.24,6.36,8.15,3.74,0
4.87,0.0,7.95,3.72,1
8.88,3.41,6.79,3.0,1
2.88,1.66,6.82,0.31,1
2.82,1.62,9.82,2.47,0
3.3,1.57,8.14,3.0,1
0.25,1.14,5.89,0.0,0
3.45,5.03,7.12,0.32,0
2.98,3.76,6.6,3.33,0
4.8,2.53,6.84,3.31,1
5.18,4.53,5.52,0.0,0
8.25,0.23,6.51,3.19,1
6.4,0.5,9.17,2.14,1
3.35,0.0,7.69,3.17,1
2.7,1.45,4.01,1.05,0
5.48,2.74,8.46,2.97,1
1.86,2.65,8.31,3.27,1
8.16,2.72,6.57,1.47,1
6.86,0.38,7.86,2.03,1
3.56,3.7,5.97,1.03,1
1.07,2.86,6.44,4.48,0
7.21,3.6,8.8,1.82,1
4.27,0.0,6.67,0.62,1
6.98,2.97,4.76,0.93,1
1.31,0.72,6.92,2.19,0
3.3,1.9,6.91,3.13,1
4.51,3.3,8.44,0.0,0
4.59,2.64,7.02,4.77,1
3.6,1.22,6.49,2.46,0
5.75,2.51,8.25,2.7,1
2.36,0.2,7.14,1.85,0
4.22,4.23,6.1,2.03,1
4.74,2.19,8.39,1.78,1
5.53,4.18,7.23,3.53,0
5.92,1.71,7.0,1.99,1
2.25,1.71,7.21,3.15,0
1.43,1.35,5.72,1.35,1
7.06,3.81,6.37,2.29,1
5.16,1.44,7.0,0.79,1
3.0,3.47,6.77,3.82,1
7.6,1.93,8.53,0.75,1
4.73,0.0,7.26,1.51,1
6.86,1.64,8.03,1.53,1
4.64,0.73,7.01,1.47,1
8.62,2.55,8.27,3.08,1
8.01,0.71,7.48,1.53,1
4.0,3.89,7.02,4.09,0
6.44,2.36,6.98,0.77,1
5.79,2.23,5.85,2.25,1
7.24,3.48,7.61,0.84,1
2.57,3.95,6.95,2.63,0
5.87,2.47,6.4,1.98,1
6.62,1.34,8.33,1.77,1
0.98,0.0,5.5,3.78,0
2.13,1.47,6.49,1.02,0
0.42,1.57,8.23,2.88,0
3.96,2.66,7.38,0.85,0
5.94,1.98,6.94,2.17,1
7.5,3.53,7.3,0.21,1
4.65,1.58,7.22,1.01,0
7.76,2.41,5.18,1.88,1
1.74,4.28,6.58,4.72,0
1.09,3.01,8.94,2.15,0
4.39,2.41,6.21,4.48,1
5.27,1.6,6.62,2.33,0
4.43,1.55,6.35,1.42,1
0.37,1.22,6.9,4.31,0
4.32,1.69,6.3,2.66,1
1.89,3.63,7.58,1.04,0
5.84,2.17,7.24,2.71,1
5.23,0.48,7.93,1.56,1
2.62,5.15,5.74,0.0,0
3.47,2.98,6.59,3.4,0
2.38,0.39,6.73,3.64,1
4.37,1.84,7.55,4.76,0
6.41,2.67,6.05,2.63,1
2.53,5.06,8.1,1.63,1
5.51,0.84,8.42,3.25,1
3.44,3.96,5.81,3.27,0
2.91,4.6,6.41,4.46,0
4.29,1.56,6.36,1.93,1
2.43,2.08,10.0,1.75,0
3.39,0.95,6.48,0.93,0
2.1,2.19,9.01,2.81,1
8.43,2.45,5.48,0.0,1
4.57,3.49,5.81,3.16,1
3.1,4.14,6.18,2.88,0
4.93,1.38,5.99,2.88,1
4.28,0.0,6.68,2.21,1
4.06,2.47,6.15,4.3,1
5.73,2.94,6.02,3.31,0
6.02,2.87,8.39,1.09,1
3.44,2.01,8.47,1.12,0
3.35,2.69,8.14,0.68,1
3.95,4.77,7.63,2.83,0
0.0,3.07,7.11,0.5,0
1.47,1.94,6.4,3.63,0
7.23,1.75,5.86,3.98,1
7.79,2.25,7.44,0.68,0
4.0,4.96,5.59,1.72,1
5.65,2.23,5.81,2.02,1
5.12,2.47,8.38,3.33,1
10.0,1.78,9.28,4.41,1
6.74,4.15,7.47,0.0,1
4.24,5.44,8.33,1.52,1
2.59,3.18,6.7,1.6,0
1.29,2.62,5.39,0.0,0
4.91,2.56,7.73,1.27,1
2.99,0.0,7.68,2.64,0
1.66,3.62,7.09,1.58,0
3.21,2.7,6.71,0.0,1
2.34,3.14,8.15,6.31,1
7.87,1.43,5.82,2.4,1
6.26,1.92,6.07,2.17,1
4.48,1.88,5.79,0.35,1
7.46,4.03,7.1,2.39,1
4.65,1.93,5.69,1.75,1
2.78,5.62,6.18,0.0,0
7.55,3.15,6.15,0.39,1
5.58,0.59,6.69,3.19,0
2.43,2.31,5.22,4.92,0
4.12,1.52,7.1,2.55,1
2.75,0.0,8.5,3.65,0
1.73,4.9,7.16,1.77,0
6.35,3.55,8.85,1.87,1
8.32,3.3,8.6,3.64,1
1.7,2.75,7.93,4.49,0
5.63,0.43,7.09,3.95,1
3.2,1.77,7.03,0.4,1
3.53,3.76,7.92,1.9,0
3.32,0.92,6.53,2.42,0
2.77,0.0,4.74,1.61,0
4.6,2.16,7.59,2.58,1
2.84,2.29,5.64,3.23,1
5.04,2.7,5.85,3.5,1
4.4,3.59,7.0,4.53,0
4.02,3.46,6.89,1.51,1
2.68,2.89,5.31,0.0,1
3.35,4.29,7.2,2.54,1
6.01,0.22,8.16,4.83,1
5.5,3.26,5.65,1.28,0
2.54,3.44,8.53,3.03,1
4.7,0.64,5.13,3.04,1
6.0,0.25,9.54,2.29,1
1.16,1.38,6.51,2.01,1
5.59,1.51,7.17,0.61,0
3.17,3.63,4.73,0.0,1
5.64,1.58,6.93,0.33,1
2.97,1.22,7.27,1.41,1
0.89,1.58,6.9,3.65,1
1.24,4.18,6.32,1.85,0
4.6,2.52,5.86,1.22,1
5.02,2.23,8.36,0.66,1
2.69,2.33,7.04,2.99,1
5.78,4.44,8.85,4.04,1
1.18,1.38,6.37,3.6,1
4.37,4.47,6.48,2.91,0
2.08,2.82,7.98,0.0,0
3.2,2.26,5.05,1.47,0
4.59,6.25,5.54,4.92,0
2.78,0.92,8.32,3.68,0
3.73,1.97,5.59,0.0,1
6.51,0.65,4.82,1.92,1
3.35,3.93,9.24,2.54,0
6.17,5.03,5.33,0.86,0
2.24,5.0,7.22,0.0,0
5.56,4.34,7.08,2.15,1
7.38,2.2,3.63,0.82,1
0.0,1.95,6.68,0.82,0
2.91,0.0,7.54,1.47,1
5.65,5.55,7.43,1.8,1
4.09,3.2,8.08,1.99,0
5.24,1.76,6.54,0.67,1
3.29,4.49,7.86,1.67,1
4.67,1.04,6.17,0.0,1
4.19,3.11,5.31,2.47,1
6.84,2.24,5.44,0.0,1
5.01,3.46,5.25,1.57,1
5.18,2.4,8.21,3.38,1
3.68,0.32,5.18,0.41,0
3.52,2.61,7.33,3.07,1
3.63,4.07,6.68,3.73,0
5.29,2.46,6.88,0.0,1
3.66,3.66,8.64,1.77,0
5.08,0.93,6.47,0.0,1
8.65,2.46,7.73,1.82,1
6.24,1.56,7.05,1.99,1
3.85,3.62,6.82,0.0,1
6.9,2.55,9.76,4.89,1
3.68,3.54,5.27,2.43,1
0.42,4.13,8.55,0.73,0
2.48,3.54,7.79,4.2,0
0.76,2.91,6.42,0.0,0
3.8,1.0,8.96,0.16,0
4.54,2.5,4.78,0.0,0
7.85,1.7,6.37,4.7,0
5.15,1.98,5.55,2.5,0
4.06,1.94,7.49,2.99,0
6.16,1.03,5.66,2.45,1
0.08,0.0,7.52,2.86,0
4.97,1.5,6.78,2.12,1
6.04,2.79,6.42,2.41,1
1.54,0.48,7.47,2.16,1
6.79,2.52,6.68,1.09,1
5.18,5.35,5.69,1.93,1
3.67,4.03,10.0,2.41,1
5.77,4.97,6.42,2.17,1
9.04,3.09,4.34,0.0,1
4.86,4.25,5.99,0.0,0
5.0,1.41,5.48,3.62,0
3.58,1.53,7.99,1.54,0
2.8,0.0,7.39,2.88,0
6.16,4.28,7.48,0.36,1
2.79,4.81,6.56,0.0,1
4.64,1.67,6.66,0.73,1
3.54,2.12,6.55,1.67,0
5.46,1.37,6.9,1.0,1
5.17,3.07,8.0,3.94,0
6.58,4.19,7.4,2.27,1
3.48,0.0,7.6,4.77,0
3.96,3.11,7.6,2.61,1
2.54,2.08,8.06,0.0,0
3.61,2.67,7.35,3.58,1
5.25,3.19,7.43,0.0,1
6.01,2.22,8.43,2.35,1
2.66,2.34,6.2,0.84,0
6.24,2.18,5.97,5.21,1
7.21,3.96,5.58,4.16,0
5.33,3.13,7.22,0.89,1
8.25,2.83,4.78,1.81,1
2.95,0.59,7.55,2.37,1
2.01,1.93,6.87,3.3,0
0.94,3.85,8.36,2.04,1
7.49,2.56,6.19,0.46,0
5.81,3.49,6.76,0.92,0
4.39,5.15,8.35,1.99,0
5.06,4.06,8.66,3.85,1
2.25,2.64,6.18,2.64,1
9.39,1.73,7.22,0.84,0
4.76,0.0,7.35,2.97,1
4.72,2.25,7.45,1.42,0
5.95,2.01,6.68,3.34,1
5.46,3.09,8.54,5.79,1
4.95,2.27,4.73,1.46,0
2.92,2.02,6.49,3.2,1
5.44,0.0,7.54,0.88,1
8.26,1.09,7.55,1.83,1
7.19,3.21,8.62,2.04,1
7.69,5.07,8.44,1.71,1
3.48,2.35,6.66,5.69,0
2.52,2.99,8.56,1.54,1
4.25,3.93,6.14,2.88,1
4.61,1.28,8.12,0.0,1
6.69,3.05,9.17,2.65,1
1.12,1.39,8.46,3.71,0
7.56,3.8,7.13,1.21,1
4.18,2.73,6.6,0.0,1
3.65,2.95,5.17,1.94,0
2.48,1.33,7.37,2.03,1
1.19,3.56,5.66,3.09,1
6.15,5.63,6.05,5.02,1
4.65,0.99,5.57,1.43,0
1.92,1.99,6.45,0.72,1
1.91,2.85,6.97,0.25,0
3.83,3.68,7.33,2.3,0
7.84,1.66,6.28,2.72,1
3.98,0.0,8.28,1.18,1
1.49,4.54,6.75,3.17,0
4.01,3.64,6.05,2.7,0
3.95,0.0,7.27,2.06,1
0.0,1.59,9.36,0.65,0
4.39,4.85,7.4,1.28,1
4.04,4.67,6.56,0.0,1
5.89,3.91,5.17,2.35,1
8.2,2.24,6.74,2.04,1
6.75,2.62,7.28,2.28,1
3.96,2.3,6.53,2.76,1
2.29,4.19,5.0,2.58,0
9.65,1.19,5.98,1.83,1
4.62,1.29,8.75,2.07,0
4.53,4.02,8.72,0.0,1
4.45,2.43,5.94,1.12,0
4.9,4.57,7.81,2.08,1
4.21,1.49,5.59,0.9,1
3.35,2.42,8.69,3.29,1
3.41,1.12,7.29,1.01,0
4.43,2.51,8.14,2.32,1
3.41,0.28,4.94,2.17,1
3.07,1.77,7.81,3.12,1
4.71,0.35,6.99,3.35,1
3.99,3.54,8.02,3.04,1
7.51,3.57,8.1,0.0,1
0.0,0.0,7.08,3.79,0
6.68,4.5,6.28,4.29,0
6.99,6.25,7.94,1.28,1
0.35,2.57,6.93,2.35,0
3.81,1.54,5.95,0.66,1
3.76,6.74,5.9,0.0,0
1.68,0.52,5.23,0.89,1
2.94,2.53,6.39,1.19,0
2.28,2.77,8.32,1.47,1
8.0,4.52,7.21,0.56,1
6.37,3.04,6.36,0.9,1
7.04,1.75,7.97,1.98,1
5.94,1.07,6.0,0.84,1
2.24,1.99,7.11,2.82,1
3.45,0.99,6.78,3.02,1
5.48,2.57,7.93,5.57,1
2.06,1.65,5.11,3.69,0
5.93,0.26,5.98,2.36,1
4.02,4.38,5.03,1.07,0
3.75,1.75,6.69,2.44,0
5.92,0.6,8.45,2.49,1
5.39,2.25,6.39,1.23,0
3.78,2.6,6.39,3.18,0
6.82,0.0,8.05,0.0,1
2.34,3.0,8.28,1.63,0
5.73,0.93,6.89,2.83,1
5.69,5.07,7.82,1.57,1
3.88,3.29,5.71,1.69,0
5.15,1.9,8.65,1.79,1
2.0,1.38,9.58,0.75,0
6.35,2.34,7.63,3.76,1
4.13,3.42,4.5,0.47,1
3.45,2.46,6.33,2.48,0
6.6,2.17,7.74,2.62,1
3.09,2.59,6.49,0.58,0
1.68,1.59,8.53,2.11,1
1.39,1.99,7.71,0.64,0
5.71,0.0,6.15,4.09,0
1.94,3.96,7.04,0.29,0
8.01,2.95,5.93,1.02,1
0.34,1.34,6.78,0.16,1
7.89,5.35,6.33,0.0,1
4.92,2.63,8.41,4.39,0
4.31,0.95,9.54,2.81,1
3.41,3.79,5.28,2.21,1
5.3,3.1,4.69,1.02,0
4.42,3.09,6.71,3.36,0
6.71,1.86,5.18,0.76,1
4.73,3.18,7.06,3.19,1
4.8,2.11,7.9,0.69,1
3.77,3.33,8.79,1.03,1
4.39,0.0,7.24,3.14,0
5.12,1.85,6.77,3.3,1
1.08,5.08,4.63,2.9,0
1.8,1.35,7.03,0.43,0
5.99,1.59,7.09,1.33,0
4.84,1.83,7.77,2.24,1
4.13,0.68,6.15,0.73,1
4.54,0.0,6.48,4.06,1
5.2,2.15,5.23,0.0,0
3.42,2.7,4.25,0.83,0
2.94,2.42,5.67,1.24,1
4.89,2.28,5.12,0.0,1
2.54,2.56,7.4,0.0,1
5.32,4.03,6.38,2.94,1
1.09,2.21,6.35,2.05,0
6.56,1.64,5.82,4.36,1
5.45,2.08,3.12,4.32,0
5.01,3.37,8.81,2.65,0
6.47,4.62,5.8,2.47,0
7.83,1.56,6.51,2.1,1
6.53,2.65,5.25,0.0,1
0.82,3.01,8.17,0.0,1
1.94,1.01,7.17,2.15,1
3.25,2.53,6.01,2.92,1
4.55,0.3,6.53,2.43,1
5.54,0.0,9.01,0.66,1
3.05,3.05,6.91,3.41,1
4.87,1.92,6.78,4.22,0
2.99,2.8,5.87,3.41,0
3.28,2.47,4.73,3.48,0
1.69,1.04,6.81,1.16,0
2.65,2.43,7.39,3.61,1
1.8,0.65,8.32,2.22,1
2.55,4.59,4.3,2.77,0
6.61,0.47,5.65,2.55,1
2.6,2.21,6.3,1.82,0
9.76,0.94,7.0,0.71,1
5.49,3.36,6.83,1.88,1
4.87,2.0,6.85,3.48,1
2.78,1.72,7.49,1.34,0
5.9,3.78,5.92,3.34,1
3.35,2.54,8.12,3.11,1
4.74,3.27,7.52,1.55,1
9.62,1.03,6.62,4.08,1
4.31,0.39,8.92,1.47,1
6.8,2.66,8.87,4.26,1
3.09,2.02,8.12,2.65,1
4.43,3.44,3.38,1.98,0
8.04,2.38,8.89,0.67,1
3.25,2.81,7.95,1.87,0
8.12,0.06,9.41,1.69,1
5.92,5.33,8.48,0.11,1
3.38,2.25,8.89,1.67,1
5.76,3.55,8.05,0.79,1
6.45,1.25,8.62,2.88,1
5.74,2.96,9.39,3.96,1
1.36,0.55,7.26,0.16,0
3.05,3.18,5.11,4.57,0
4.0,1.97,6.63,1.81,1
4.35,2.54,7.47,0.54,1
5.74,3.55,7.09,3.14,1
4.86,0.65,5.5,1.33,1
1.83,1.47,5.04,1.88,1
5.26,3.19,6.11,1.39,0
5.72,5.65,7.97,0.77,1
5.62,2.29,8.9,3.09,0
6.66,3.39,8.1,1.57,1
6.17,2.34,8.27,0.0,1
5.42,5.41,6.9,2.83,1
4.36,0.0,4.91,0.19,1
1.18,2.64,6.45,0.27,0
5.36,0.06,6.69,3.79,1
4.92,0.0,6.4,0.21,1
5.04,2.95,7.07,0.0,0
1.95,2.71,7.53,2.93,0
2.34,2.07,8.02,1.54,1
6.61,2.34,6.67,1.67,1
4.42,7.15,4.72,1.53,1
5.86,2.11,6.42,2.35,1
4.56,3.27,7.05,0.87,1
4.56,1.53,8.47,4.21,0
6.38,2.94,6.32,0.0,1
3.47,2.14,7.62,2.67,0
4.69,1.88,7.35,2.96,0
3.58,5.23,7.05,0.86,1
3.63,4.27,8.12,0.46,1
3.88,2.71,6.21,3.53,0
4.94,0.0,6.31,0.51,1
3.54,1.96,6.99,1.09,1
7.01,6.55,6.23,3.33,0
2.71,2.15,7.61,2.05,1
4.13,4.15,6.14,0.0,0
3.62,4.66,7.27,4.62,0
7.39,2.83,6.88,1.2,1
4.89,1.24,7.26,1.4,1
6.56,0.0,6.45,2.38,1
1.53,3.53,6.59,2.94,0
5.03,1.28,7.12,4.94,0
6.28,2.76,7.24,0.0,1
4.66,0.63,6.99,3.24,0
6.63,2.1,9.05,3.11,1
3.47,2.55,5.81,1.79,1
7.32,2.9,6.92,3.18,1
9.1,0.83,5.11,3.4,1
3.77,4.3,7.45,0.0,1
3.61,1.6,5.66,4.62,0
7.41,0.0,6.67,0.0,1
7.66,2.34,6.55,0.3,1
3.45,2.55,7.34,1.61,1
3.66,2.74,6.34,4.89,0
3.94,4.54,6.29,1.54,1
1.81,2.15,8.72,1.95,0
2.66,2.32,7.34,4.15,0
2.49,0.85,6.33,1.55,0
2.96,3.73,6.7,0.23,0
4.43,2.78,8.97,1.37,1
4.97,1.87,6.72,4.06,0
7.6,0.0,6.17,2.11,1
2.5,4.67,6.18,4.9,0
6.47,0.66,6.34,3.11,1
4.07,1.61,6.29,1.03,1
4.4,3.04,5.46,2.08,0
5.85,0.71,5.65,0.72,1
2.25,0.26,6.0,1.0,1
5.26,0.0,7.71,8.0,1
4.83,3.58,6.54,3.53,1
5.48,1.68,6.75,3.29,1
5.08,6.89,8.52,1.07,0
9.41,1.01,8.55,4.35,1
3.22,1.12,6.66,3.65,0
3.44,1.65,6.24,4.82,0
3.25,2.86,5.96,4.75,0
3.39,1.79,7.83,0.0,1
3.23,3.42,6.75,0.34,0
6.88,1.03,6.54,0.49,1
7.34,0.43,6.02,0.58,1
3.36,0.0,6.08,2.49,1
2.84,0.0,7.38,1.15,0
5.44,1.72,5.42,5.11,0
3.4,2.05,8.19,4.86,0
5.77,1.55,6.36,1.99,0
4.91,4.37,6.82,4.93,0
1.47,4.34,5.4,4.23,0
7.6,2.0,6.99,1.32,1
8.09,0.0,6.61,0.0,1
3.27,1.65,6.94,1.67,1
3.72,1.6,8.77,1.03,0
5.07,1.51,7.21,2.31,1
5.17,1.45,6.05,2.13,1
5.82,1.52,6.15,2.09,1
8.52,1.92,7.71,2.79,1
4.15,1.55,8.56,0.18,1
2.9,2.81,7.34,2.62,0
1.74,3.04,7.83,1.34,0
3.04,1.13,7.73,2.3,0
4.43,4.41,8.7,3.44,1
8.09,1.03,4.66,0.16,1
3.46,0.07,7.8,1.58,1
4.95,3.07,8.18,1.82,1
4.47,1.27,5.39,1.23,0
6.88,2.98,5.94,3.35,1
9.55,0.0,5.98,0.92,1
3.44,4.59,6.13,1.17,1
3.52,3.51,6.42,0.94,0
6.59,0.25,7.29,3.64,1
5.86,0.28,8.04,1.26,1
8.19,5.01,8.3,2.69,1
5.67,1.39,5.99,4.96,0
3.78,1.25,5.99,1.89,0
5.68,0.0,8.58,3.67,1
6.72,1.97,7.78,4.51,1
6.14,2.16,7.1,3.54,1
5.51,3.57,7.57,1.97,1
6.63,0.4,6.96,2.96,1
6.84,0.22,7.63,0.07,1
7.26,3.18,6.6,0.83,1
5.8,4.01,7.32,1.09,1
4.17,0.14,5.19,5.36,1
4.79,4.12,6.17,0.78,1
6.91,2.56,6.19,0.76,1
2.87,4.14,6.55,0.43,1
5.24,2.39,5.89,2.84,1
3.71,0.0,6.36,2.21,1
4.56,2.27,5.18,3.63,0
7.06,4.09,7.66,3.01,0
4.88,1.16,6.9,0.0,1
4.59,1.92,4.95,0.79,1
1.78,2.24,6.0,4.05,0
5.99,0.0,7.4,1.7,1
5.79,5.01,6.35,3.78,1
8.83,1.15,6.16,1.78,1
3.88,3.26,6.91,0.55,1
4.94,2.37,7.41,1.55,0
5.0,4.39,5.28,0.55,1
7.65,3.11,7.66,1.15,1
4.31,2.15,6.04,2.3,1
5.06,1.16,6.98,2.77,0
5.72,3.7,6.96,0.0,1
4.87,0.0,6.37,1.97,1
3.61,3.47,5.77,1.12,0
4.89,0.85,6.66,1.03,1
6.65,4.38,8.95,2.2,1
2.45,2.74,5.37,1.17,0
4.77,3.47,9.03,4.07,1
3.1,2.62,6.69,3.78,1
6.89,0.0,7.04,3.77,1
1.45,1.21,5.7,1.26,0
3.38,3.51,6.07,0.56,1
5.25,2.75,6.4,2.12,0
7.63,4.27,5.75,1.77,1
4.37,3.1,6.75,1.09,1
3.39,1.05,6.51,0.24,1
8.26,1.31,9.22,1.94,1
1.6,2.65,5.6,1.39,0
0.1,0.0,7.12,3.03,0
5.38,5.01,7.3,3.0,1
3.5,3.16,5.72,3.65,0
2.46,4.34,7.82,0.11,1
5.92,0.13,6.52,2.6,1
4.99,4.37,4.01,0.91,0
3.37,5.85,7.79,0.17,1
1.94,0.52,5.66,1.36,0
6.24,3.66,5.74,3.6,0
5.8,2.5,7.83,1.44,1
4.3,0.18,6.58,4.35,1
8.19,3.24,8.1,2.82,1
2.36,3.75,8.45,1.41,0
1.45,1.6,6.23,3.74,0
3.12,4.25,7.95,2.67,0
4.41,0.0,6.09,0.6,1
4.99,0.26,9.68,4.79,1
4.02,2.7,6.17,2.39,0
5.2,2.54,8.23,2.03,1
2.0,1.43,8.01,0.72,1
7.39,3.71,7.38,3.77,1
4.34,3.3,6.2,2.78,1
6.73,3.79,6.82,2.94,1
5.19,2.32,4.42,1.24,1
5.41,3.4,7.27,3.25,1
5.64,1.83,7.42,3.37,1
5.4,5.58,7.16,1.0,1
5.79,1.28,3.43,0.0,1
7.16,5.66,5.48,2.87,0
4.89,2.55,6.1,0.0,0
5.92,0.44,7.35,2.23,1
4.32,4.55,7.35,1.33,0
7.38,2.69,6.8,3.83,1
3.15,3.78,7.76,1.41,1
8.1,4.34,5.77,3.66,0
4.42,3.01,7.73,1.23,0
1.64,1.61,7.57,3.5,1
4.76,3.96,7.45,5.09,1
3.14,2.5,6.78,0.4,1
6.18,3.53,9.2,2.44,1
3.19,0.0,7.59,6.12,0
3.61,3.17,5.84,2.1,0
0.72,1.54,7.3,2.09,1
3.6,4.98,7.9,3.18,0
0.0,3.43,6.29,2.06,0
1.33,2.86,8.31,0.0,1
6.02,3.23,7.46,3.7,1
6.07,1.0,4.19,0.0,0
5.35,4.93,7.36,1.37,1
2.57,5.49,6.51,3.81,1
4.4,3.09,7.64,1.47,1
4.49,4.89,8.13,0.96,1
2.18,1.65,7.23,3.32,0
7.51,1.3,9.0,0.72,1
6.25,2.56,6.79,0.17,1
4.06,3.15,7.75,2.41,0
4.55,1.91,7.97,1.73,1
4.92,3.31,6.88,0.13,1
0.42,2.96,7.93,2.96,0
4.01,1.0,6.29,2.7,0
3.14,3.28,6.49,1.46,1
2.5,3.8,5.43,1.56,0
3.94,2.76,7.29,2.71,0
8.1,4.23,7.39,3.79,1
5.78,0.67,8.42,1.58,1
3.36,3.2,7.95,2.98,1
5.65,0.74,6.66,2.85,1
7.3,0.83,5.59,3.32,1
6.35,1.55,7.52,2.06,1
4.62,1.09,8.33,0.63,1
3.21,1.68,7.91,1.31,0
5.9,2.18,8.3,2.51,0
5.29,3.76,6.75,4.73,1
6.29,2.02,6.44,1.27,1
5.77,0.12,6.12,3.21,1
6.6,4.21,6.93,1.51,1
3.43,1.24,6.91,2.17,1
7.13,2.41,7.25,4.27,1
4.9,3.17,6.84,3.15,1
8.65,2.8,6.84,0.14,1
3.12,4.14,6.07,1.14,1
7.97,3.22,8.13,3.88,0
4.9,1.21,7.09,2.21,1
3.2,5.77,6.79,0.28,0
3.53,2.79,6.1,0.77,0
3.86,2.28,5.4,3.06,0
5.35,3.95,8.57,3.49,0
5.55,2.87,7.67,2.03,1
3.35,3.1,5.05,5.71,0
4.45,6.24,7.92,3.24,1
8.78,2.09,8.11,1.63,1
7.96,2.02,7.15,0.78,1
5.37,2.67,8.92,0.54,1
4.58,4.11,7.26,2.5,1
4.74,0.24,5.3,1.27,1
5.73,0.0,7.44,4.51,1
2.45,1.62,7.29,4.2,0
3.99,0.05,6.28,2.95,1
1.16,1.86,7.69,0.23,0
5.3,3.25,5.0,0.99,1
5.79,1.16,8.19,3.88,1
3.53,0.36,5.95,1.16,1
7.65,2.6,5.82,3.68,1
2.05,3.79,6.86,2.71,0
1.57,0.0,7.52,2.08,1
4.95,3.73,7.2,0.95,0
6.59,3.73,6.11,1.86,1
7.87,3.93,6.39,2.28,1
3.58,4.33,5.64,3.55,1
6.66,5.8,6.73,0.67,1
4.42,1.97,8.29,1.61,0
4.15,2.66,6.99,2.07,1
6.27,1.88,8.03,2.99,1
5.8,2.5,8.75,0.64,1
1.35,4.8,6.29,0.03,0
7.45,0.48,6.78,3.01,1
7.26,1.21,9.61,0.0,1
3.25,4.57,8.73,3.93,0
5.29,4.03,4.99,1.77,1
5.49,1.96,7.46,0.0,1
5.02,3.78,7.0,1.28,0
3.4,3.01,7.99,2.57,1
3.16,4.75,6.11,1.2,0
4.45,2.61,5.99,2.03,1
6.85,4.04,6.19,3.11,1
5.59,6.46,6.31,1.7,1
3.76,3.4,7.98,0.59,1
6.04,2.57,5.58,1.55,0
0.0,3.58,6.25,4.12,0
6.8,1.95,4.85,4.53,0
1.02,6.08,8.21,0.0,0
3.78,2.77,8.53,3.64,0
2.26,2.09,6.61,2.38,0
1.91,1.25,6.64,3.39,0
6.82,4.15,7.54,1.17,1
3.56,3.8,8.77,0.0,1
5.19,1.75,7.49,2.88,1
4.41,3.36,6.16,0.59,0
5.45,0.24,5.06,0.0,0
4.65,2.78,5.66,0.02,1
1.93,3.18,7.09,2.9,1
6.49,5.06,6.21,2.21,1
3.51,1.34,7.23,3.17,0
1.39,0.58,6.34,3.0,0
3.64,1.16,5.73,1.37,1
7.5,0.5,5.59,1.89,1
6.2,4.5,8.87,1.23,1
3.8,4.82,8.07,1.68,0
3.8,2.98,9.08,0.55,1
3.86,4.33,7.65,2.59,1
8.65,2.7,6.48,3.61,1
5.26,2.36,8.59,0.78,1
5.36,2.0,6.96,3.92,1
6.56,2.03,7.27,2.17,1
4.98,0.18,6.95,2.36,1
3.98,2.9,3.46,0.0,0
4.11,2.44,8.93,0.0,1
4.36,3.62,7.59,2.22,1
4.43,2.64,7.4,3.18,1
5.96,2.26,6.93,0.99,1
4.6,1.19,7.2,4.51,0
5.97,2.61,6.28,3.1,1
4.34,3.61,7.74,0.64,1
4.66,0.78,5.43,2.05,0
0.5,2.63,7.22,5.72,0
6.33,2.85,7.67,0.14,1
5.19,1.42,6.76,2.79,0
6.5,1.62,7.45,1.52,1
0.0,2.85,5.81,3.06,0
8.68,0.8,5.84,3.9,1
4.22,3.02,7.28,1.42,0
6.72,1.16,7.81,3.68,1
2.42,4.09,4.75,5.33,0
5.73,6.01,7.63,2.1,0
2.39,1.21,6.35,3.18,0
3.25,3.3,6.77,1.11,1
8.33,1.41,5.39,2.03,1
4.12,4.06,5.98,1.73,0
4.93,0.6,8.16,3.2,1
6.24,3.22,7.04,3.81,0
5.49,1.19,6.54,1.84,1
4.8,2.19,6.86,4.3,1
5.23,0.95,7.59,4.3,1
9.31,3.73,7.53,3.27,1
4.38,1.24,6.91,1.23,1
4.9,3.33,8.31,1.08,1
6.6,1.98,8.16,0.78,1
6.71,2.33,7.5,3.42,0
6.87,2.72,7.07,0.18,1
5.78,1.36,7.79,3.02,1
2.21,2.82,7.38,0.38,1
7.77,4.8,8.27,3.24,1
2.21,1.33,8.08,2.03,0
5.11,4.26,5.78,4.0,1
2.99,4.75,5.7,3.71,0
4.37,1.28,6.16,4.15,1
5.16,0.32,8.17,4.19,1
5.14,2.95,5.11,2.22,0
5.34,1.68,7.47,0.26,1
7.73,5.3,7.44,0.42,1
5.41,2.55,8.4,0.0,1
4.01,1.3,7.22,0.37,1
6.43,0.78,5.39,2.1,1
6.88,4.13,5.85,1.16,1
2.04,1.64,5.58,1.73,0
5.69,2.57,6.35,2.74,1
5.9,3.93,6.78,1.54,1
3.9,1.77,5.6,0.32,1
7.25,2.43,8.76,1.92,1
4.2,2.48,5.41,0.65,0
4.75,3.52,8.62,1.59,0
4.15,3.39,8.42,4.01,0
4.53,2.17,8.08,1.59,1
2.31,2.6,6.17,4.66,1
1.62,1.94,7.41,4.15,0
7.69,0.28,5.47,1.13,1
2.81,2.89,8.09,0.33,1
2.52,5.34,6.91,1.92,1
0.19,1.17,6.51,3.73,0
3.22,1.34,5.53,1.26,0
1.85,1.19,4.03,3.36,0
7.78,3.59,5.75,3.81,1
6.52,3.17,8.34,0.84,1
3.12,2.26,6.52,0.99,1
9.0,1.12,6.8,3.07,1
6.46,2.64,7.79,2.23,1
3.85,0.15,9.17,0.97,1
0.0,2.72,8.59,1.47,0
9.08,3.81,5.83,1.89,1
1.72,0.62,4.67,0.0,1
1.21,0.2,9.83,3.15,0
6.55,4.87,9.72,1.28,1
9.38,1.58,7.23,0.0,1
7.27,4.2,5.48,1.96,1
5.63,2.27,8.16,0.89,1
5.69,2.26,6.87,4.53,0
6.21,3.16,6.86,1.12,1
6.02,1.17,8.07,0.35,1
5.06,2.7,7.4,2.76,1
4.71,1.93,5.58,1.01,0
4.37,0.52,6.61,0.83,1
2.99,3.01,7.79,2.76,0
3.94,2.11,7.61,0.44,1
1.11,2.26,7.31,0.0,0
4.3,0.68,8.12,4.59,1
2.52,4.89,6.57,2.87,1
2.29,3.82,7.21,1.6,1
4.86,3.95,3.0,1.99,0
7.28,2.04,6.46,2.76,1
6.34,0.0,7.92,3.46,1
1.36,5.43,6.53,0.87,0
2.52,2.41,6.44,2.55,1
6.38,1.38,5.75,1.24,1
2.54,3.13,8.2,1.72,1
4.05,4.25,7.66,2.24,1
5.6,2.47,7.99,1.99,1
2.56,4.42,4.93,3.1,0
4.71,4.12,6.81,2.73,1
1.83,0.89,6.66,0.0,0
3.3,1.49,6.66,0.0,0
5.14,3.94,6.26,1.45,1
1.31,0.0,6.58,4.74,0
5.38,2.28,8.02,0.72,1
4.46,0.35,4.7,1.69,1
5.6,1.79,9.13,1.2,1
4.95,2.05,7.58,1.17,1
7.23,1.96,6.95,2.27,1
4.75,1.67,8.09,4.1,0
3.64,0.85,5.26,2.68,1
4.74,5.94,6.2,0.79,0
5.59,5.3,6.85,6.13,1
4.6,0.76,8.64,2.12,1
4.58,4.87,6.94,1.13,1
3.1,1.9,7.54,4.12,0
3.17,2.69,6.29,1.3,1
1.69,2.41,7.58,4.49,0
8.0,1.51,9.01,0.69,1
2.01,3.98,8.19,4.15,0
3.11,2.69,6.9,2.3,1
3.06,1.79,7.81,3.94,0
6.29,0.54,7.69,4.85,1
3.91,1.16,7.61,0.3,0
7.0,0.04,8.33,3.91,1
3.15,2.52,8.33,0.0,0
5.06,0.71,6.85,0.43,1
2.83,2.1,7.77,0.79,0
8.79,4.56,6.54,2.76,1
2.12,4.3,5.89,2.05,1
5.12,2.45,6.68,1.75,1
5.77,2.37,6.91,2.22,1
5.33,5.32,5.01,2.89,1
4.13,3.28,8.03,3.0,0
4.24,2.01,3.68,3.64,0
4.59,0.36,10.0,4.73,0
4.21,3.09,8.8,1.97,1
6.43,3.74,6.69,1.22,0
8.92,1.55,7.01,2.92,1
3.39,2.94,7.36,0.28,0
1.76,1.95,6.29,0.98,1
4.32,2.22,7.23,3.5,0
9.66,0.0,6.83,1.81,1
2.89,2.17,6.89,0.19,1
7.78,3.95,7.22,0.0,1
7.86,1.55,5.42,2.07,1
3.39,2.58,7.05,3.71,1
5.64,1.37,7.2,3.69,1
7.76,3.04,7.15,2.17,1
3.74,2.18,6.74,5.01,1
4.09,1.09,8.37,1.84,1
3.34,4.5,6.58,1.79,0
2.47,3.89,7.27,0.0,1
3.2,1.59,8.56,1.33,0
2.05,3.25,6.9,3.28,0
4.57,3.31,7.26,4.35,0
2.96,3.46,6.88,0.75,1
4.97,0.0,8.48,2.69,1
1.39,4.01,6.69,3.57,1
5.16,1.65,8.54,2.02,1
6.17,1.96,6.88,0.0,1
0.51,6.46,5.97,2.37,0
5.25,2.95,7.82,3.14,1
6.96,1.92,6.63,0.58,1
2.08,0.0,7.74,1.62,1
7.85,4.58,3.72,0.27,1
5.34,0.48,7.01,0.0,1
3.09,0.99,6.45,3.54,0
4.39,2.0,5.72,1.99,0
5.62,4.62,6.34,4.4,0
4.65,3.66,6.31,3.29,0
5.58,2.26,6.94,1.47,1
2.66,2.96,5.36,1.88,1
4.84,1.6,7.38,2.85,1
1.67,2.71,8.64,3.45,0
4.28,2.61,7.34,2.48,1
2.69,3.95,7.97,3.66,0
3.03,3.95,8.31,1.55,0
6.97,3.24,8.48,0.5,1
6.68,1.96,9.24,1.9,1
5.72,3.61,6.4,2.31,1
2.32,2.36,6.14,0.2,0
3.87,0.88,7.94,0.0,1
6.93,1.9,7.85,2.67,1
4.78,2.63,7.93,1.39,1
9.14,3.87,9.27,1.75,1
5.29,2.22,7.01,1.46,1
4.88,0.69,7.51,4.28,1
3.88,2.59,5.82,3.89,0
4.77,2.67,9.56,0.14,1
4.2,2.78,6.6,1.2,1
5.92,3.88,6.63,3.28,0
6.41,4.03,6.58,2.9,1
2.93,1.61,6.23,1.94,0
1.84,1.58,6.12,0.29,1
0.83,0.94,6.37,0.98,0
5.52,3.55,5.36,1.22,1
2.29,4.67,6.06,2.42,0
0.19,2.03,9.34,4.56,0
5.28,2.14,7.88,0.97,1
9.49,4.7,8.11,0.46,1
4.49,3.26,8.41,1.84,0
6.18,3.15,9.2,3.55,1
4.66,0.71,4.87,0.0,1
4.3,3.52,5.52,4.18,1
6.34,1.11,6.04,1.74,1
3.92,0.8,6.44,0.9,1
5.03,1.98,6.64,0.0,0
5.14,1.62,6.46,3.06,0
3.16,2.17,7.26,1.74,0
6.48,0.34,7.04,2.26,1
4.15,3.94,6.13,0.65,0
2.99,4.19,4.39,1.52,1
5.57,0.0,5.81,1.27,1
2.7,3.97,6.34,1.85,0
4.56,1.28,6.7,1.0,1
4.48,3.79,5.64,0.0,1
6.67,2.4,6.41,6.09,1
5.45,2.54,5.64,0.0,1
4.45,2.22,6.85,2.27,0
6.14,4.32,5.71,0.0,1
7.28,0.64,5.98,0.0,0
5.62,3.41,5.43,2.15,1
4.52,4.15,6.82,2.26,1
1.88,3.57,5.96,3.89,0
2.37,5.99,8.09,2.6,0
3.89,1.71,7.49,1.78,1
3.28,3.94,6.92,0.58,0
4.13,2.34,6.04,4.25,1
4.61,4.35,7.46,3.39,1
5.56,2.49,7.83,0.13,1
4.36,1.92,7.17,2.06,1
5.47,4.46,8.92,2.22,1
4.63,1.76,7.55,1.48,1
0.55,0.38,8.1,3.16,0
2.62,1.72,7.16,3.25,1
4.21,3.43,7.81,1.71,1
2.08,4.59,6.04,1.58,0
5.7,2.67,6.45,4.25,1
7.56,4.48,7.42,3.4,1
6.94,0.46,7.41,2.11,1
4.07,1.84,7.61,0.0,1
7.48,2.07,8.32,2.52,1
4.8,2.33,5.29,3.05,1
3.83,2.63,5.83,0.0,0
3.27,3.54,7.28,2.38,0
3.9,1.83,6.13,1.37,0
3.72,2.71,10.0,1.67,1
4.84,2.43,7.62,0.64,1
4.82,1.11,6.91,1.78,1
4.51,2.33,6.38,4.09,0
5.37,2.28,6.42,1.33,1
6.88,2.25,7.04,3.45,1
6.4,2.55,7.13,0.79,1
1.53,2.61,6.45,3.14,0
0.0,1.85,6.67,2.0,0
6.37,4.41,8.61,2.53,0
1.77,0.75,8.66,2.01,1
4.05,1.42,7.3,2.96,1
2.16,6.67,5.39,0.0,0
0.9,0.94,7.65,0.0,0
5.58,0.47,8.87,2.63,1
6.02,3.6,8.64,0.0,1
3.35,0.0,7.88,1.2,1
0.0,2.15,8.71,1.92,0
3.41,5.72,7.06,0.76,0
5.28,0.18,7.75,0.96,1
1.54,0.0,6.18,2.41,0
4.87,0.25,7.35,3.51,0
4.47,3.85,8.6,0.56,1
5.66,4.19,6.29,1.14,1
4.74,1.73,5.97,0.9,0
2.55,3.52,7.12,0.0,0
6.89,4.59,6.73,2.21,1
4.18,5.18,7.78,3.4,0
4.45,2.13,6.46,3.52,0
2.63,0.0,9.06,0.69,1
3.61,1.27,5.45,0.12,1
2.73,1.86,8.5,2.03,0
4.15,2.11,6.08,3.24,1
7.92,2.22,4.84,2.23,1
1.76,4.18,7.29,2.43,0
1.27,4.41,6.69,3.71,0
7.44,2.24,5.67,0.89,1
4.08,4.15,4.98,1.67,1
3.16,3.04,6.99,4.45,0
6.58,2.6,8.17,1.7,1
3.29,3.86,7.7,0.1,1
8.15,2.61,7.07,1.0,1
5.86,5.59,7.57,0.59,1
3.52,0.34,6.97,2.54,1
8.81,1.73,5.28,0.66,1
3.29,2.31,5.29,2.41,0
5.98,3.16,6.76,0.9,1
5.1,4.4,6.81,0.0,1
7.1,2.46,8.02,2.46,1
7.62,0.37,7.91,2.22,1
4.56,3.76,7.73,2.78,0
2.99,3.63,6.66,0.99,0
5.42,0.0,5.34,0.83,1
3.14,2.49,7.49,2.6,1
8.53,0.11,7.63,4.28,1
4.77,1.5,4.13,2.02,1
3.77,1.15,6.0,2.64,0
4.87,3.71,6.17,1.52,0
1.81,2.68,7.14,0.0,1
2.56,0.57,6.04,3.45,0
6.9,3.82,6.95,3.36,0
3.19,0.35,6.75,3.07,0
2.41,3.0,6.81,1.73,1
5.57,1.28,6.14,2.9,1
6.87,1.95,6.23,3.34,1
5.94,3.26,5.7,4.43,0
6.49,3.28,7.46,3.48,1
2.99,4.51,7.69,2.1,0
1.66,2.38,6.08,0.04,0
7.5,2.96,8.82,2.23,1
3.85,1.84,6.62,2.38,0
4.0,2.77,8.84,3.06,1
7.16,3.16,6.23,4.03,1
5.61,2.35,4.57,1.86,1
5.41,0.0,7.48,5.15,1
8.83,3.0,7.3,0.0,1
3.21,3.05,7.04,2.63,1
6.36,1.48,6.23,0.8,1
4.61,0.57,6.96,0.0,1
5.04,4.71,6.39,1.7,0
7.56,3.24,6.64,0.0,1
5.52,2.16,8.01,1.76,1
5.58,0.79,7.22,2.05,1
6.65,1.27,7.73,3.68,1
3.77,4.45,6.72,0.0,1
2.82,2.71,6.59,3.36,1
2.41,1.67,5.62,2.15,0
0.57,3.26,6.56,3.54,0
8.61,1.28,3.01,1.35,1
2.29,4.75,6.29,0.0,0
4.06,4.53,6.9,0.17,0
3.95,1.8,7.68,0.06,1
5.11,1.56,6.68,2.72,0
6.13,0.0,7.42,4.22,0
6.22,0.28,4.38,1.15,1
3.33,0.49,6.93,2.94,1
4.17,2.7,4.98,0.0,1
5.07,2.01,5.55,2.27,1
4.0,0.48,6.78,3.0,1
7.71,2.08,8.53,0.0,1
5.48,3.26,7.45,1.69,0
5.97,3.29,7.02,3.07,1
5.83,0.0,6.98,0.0,1
6.85,2.31,6.14,4.0,1
4.86,0.42,6.35,2.53,1
1.91,3.85,7.51,3.08,1
5.3,3.68,5.34,1.38,1
3.2,1.15,7.71,0.0,1
3.44,1.35,6.53,2.8,1
5.67,1.81,7.99,1.88,1
6.98,0.0,8.15,2.05,1
4.54,3.0,4.99,3.63,1
5.12,2.09,6.3,3.14,0
7.9,3.96,5.97,4.88,1
4.98,0.85,4.82,2.23,1
9.7,1.57,5.76,0.96,1
5.63,0.24,9.93,1.72,0
0.98,0.99,7.73,2.62,1
6.01,0.73,9.3,3.52,1
5.26,3.99,7.99,0.0,0
7.08,1.45,6.11,2.01,1
5.85,2.69,6.54,4.41,1
4.22,1.93,7.71,1.64,0
2.05,0.6,7.53,3.4,0
4.08,2.25,6.31,2.74,1
2.8,3.4,5.19,3.43,0
3.34,0.69,10.0,0.79,1
5.68,3.71,6.83,0.79,1
7.84,1.23,6.61,2.03,1
5.29,1.78,7.14,0.0,1
2.11,3.3,6.71,1.6,0
5.39,1.5,7.15,2.38,1
6.89,2.56,8.54,4.68,1
3.28,2.03,6.85,2.6,1
4.23,2.69,5.6,2.94,0
4.53,0.0,6.81,3.75,0
2.93,0.0,6.44,0.55,1
5.8,3.42,8.71,1.75,1
4.26,4.06,8.41,5.64,0
5.34,1.13,7.13,1.88,1
2.73,2.13,5.47,3.67,0
3.63,2.94,5.53,3.45,0
5.94,3.54,7.02,0.0,1
3.75,0.0,7.4,2.47,1
7.95,1.17,6.55,2.22,1
3.7,2.0,6.42,2.49,0
4.95,3.55,6.29,0.87,1
6.37,6.25,6.97,0.32,1
1.66,2.16,4.14,1.29,0
0.98,0.39,5.68,1.85,0
1.45,3.1,6.25,3.78,0
7.03,4.48,8.45,4.73,1
3.4,2.66,6.02,4.09,0
9.62,1.14,7.22,3.29,1
3.37,3.94,7.27,0.49,0
4.87,3.5,8.56,1.39,1
7.58,0.96,8.52,2.31,1
8.51,3.07,6.93,1.05,1
8.62,4.0,6.43,2.87,1
6.92,4.27,6.2,3.08,1
6.55,2.4,6.71,2.8,1
5.69,1.96,6.48,3.54,0
6.06,4.34,7.66,0.64,1
3.4,0.68,7.5,3.4,0
2.86,3.16,7.71,0.96,0
4.49,0.44,8.51,0.59,1
4.16,4.1,9.24,2.8,0
3.59,2.11,7.15,3.82,0
5.89,4.4,8.32,2.73,1
6.41,3.24,6.58,2.03,1
4.68,0.67,8.42,2.47,1
7.46,4.64,8.27,2.2,1
2.22,4.83,8.21,0.31,0
4.11,3.82,7.11,0.14,1
3.07,1.36,6.2,1.88,1
0.77,2.04,5.33,2.12,0
4.33,2.72,6.95,2.02,1
4.26,1.44,8.84,3.01,1
7.53,5.04,6.63,1.68,1
5.76,2.72,7.94,2.84,0
2.45,0.0,8.01,1.78,1
8.21,3.01,6.66,4.74,1
6.94,1.98,8.58,2.12,1
5.66,2.39,3.51,5.51,1
4.05,1.95,5.53,2.53,1
2.58,3.71,5.9,1.68,0
3.76,4.18,6.02,0.65,1
6.68,2.92,7.4,0.0,1
8.27,1.99,7.35,0.51,1
7.59,2.44,7.47,0.68,1
3.52,2.53,7.72,2.59,1
2.26,1.3,5.86,1.21,0
4.78,3.37,5.54,2.28,1
0.96,3.19,7.48,3.92,0
5.15,4.81,6.24,1.87,1
4.2,4.38,5.12,5.12,0
3.57,1.47,8.17,0.24,0
1.31,3.73,8.67,1.77,0
5.53,1.07,8.87,1.19,1
3.43,3.54,7.22,3.4,0
2.16,1.73,7.75,0.0,1
0.0,0.97,8.64,0.0,0
4.44,2.92,6.23,1.84,1
8.04,0.0,8.33,4.33,1
7.82,0.0,7.33,2.34,1
3.59,2.23,8.1,0.0,1
3.3,2.62,7.22,0.2,0
5.44,1.95,8.56,4.51,0
2.5,0.13,7.27,1.07,0
5.1,1.27,5.22,0.59,1
6.03,3.09,8.74,4.22,1
6.95,3.37,5.86,3.52,1
4.3,2.48,8.5,3.91,1
4.09,4.24,6.89,0.57,1
2.74,3.1,8.41,0.0,1
2.85,1.38,8.36,2.2,1
4.05,2.08,7.52,2.5,1
5.23,0.4,7.61,2.55,1
6.33,2.34,7.51,4.22,0
2.89,4.17,4.58,0.0,1
7.49,3.53,7.14,3.29,1
3.96,4.6,5.66,0.36,1
4.46,2.05,7.21,3.28,1
3.01,4.52,5.63,1.29,0
0.0,2.21,5.58,0.78,0
6.27,4.71,8.93,1.09,1
5.97,2.47,8.28,0.0,1
3.94,3.56,7.0,2.06,0
4.63,4.71,7.22,0.84,1
5.53,2.21,6.7,3.18,1
1.37,2.83,7.68,2.96,1
3.44,4.43,6.19,4.53,0
6.09,2.3,8.19,2.55,1
1.99,0.52,6.7,2.78,1
5.09,5.71,6.5,4.1,0
1.79,1.8,7.03,1.06,1
5.43,2.74,6.29,0.0,1
4.43,4.23,7.39,2.3,1
1.27,1.59,6.36,0.0,1
6.83,0.99,7.56,5.68,1
3.03,2.88,8.46,4.18,0
2.88,0.0,6.14,5.25,1
4.9,2.07,6.84,2.09,1
6.8,2.87,7.55,2.83,1
2.47,2.1,6.48,1.31,0
4.62,0.18,7.56,3.32,1
5.36,4.89,7.67,0.18,1
5.89,2.66,8.3,0.0,1
4.85,4.65,6.27,0.81,0
3.77,2.11,5.87,0.0,1
2.84,1.18,6.63,4.22,1
4.67,2.9,5.84,4.72,1
2.36,2.18,7.68,0.0,1
0.0,0.73,5.61,3.94,0
5.37,4.7,9.8,3.43,0
6.31,1.57,8.56,0.0,1
0.0,0.0,7.02,1.41,1
2.48,4.49,8.04,1.13,1
5.74,1.74,5.04,3.12,0
8.61,1.59,10.0,0.16,1
4.54,0.0,6.29,1.85,1
3.04,5.11,6.86,0.97,0
4.13,0.57,4.77,2.71,0
7.25,2.59,7.58,1.67,1
3.21,3.87,5.67,1.2,0
2.9,3.13,7.12,1.68,0
3.53,2.41,6.35,5.05,0
2.59,0.0,5.71,1.37,0
4.75,1.29,6.03,0.44,1
7.75,2.78,7.27,2.88,1
5.15,1.32,5.46,1.78,1
4.0,2.81,6.1,0.0,1
3.92,3.52,7.8,5.35,1
1.37,3.94,10.0,1.47,0
6.27,0.66,7.57,1.43,1
4.34,5.79,5.9,2.24,1
4.14,3.65,6.56,4.6,0
10.0,2.5,7.04,0.0,1
5.1,4.13,6.58,2.41,0
3.0,6.05,8.08,5.13,1
3.65,0.34,7.26,2.19,0
6.8,2.16,8.09,0.15,1
4.73,0.0,6.62,1.07,1
1.62,2.79,8.59,2.31,0
6.34,3.05,6.8,4.0,1
3.16,2.44,5.83,1.49,0
8.25,1.52,9.61,3.24,1
6.66,0.0,4.81,0.0,1
3.61,3.06,6.11,0.0,0
7.06,4.68,6.25,1.28,1
4.64,1.61,10.0,4.16,0
6.21,3.16,9.17,2.1,1
5.47,0.15,8.79,2.43,1
2.81,3.19,6.6,2.42,1
3.21,1.91,9.91,3.66,0
6.56,1.36,7.44,1.08,1
3.83,1.36,8.17,3.03,0
3.69,1.91,7.22,0.75,1
2.59,3.07,6.94,4.97,1
5.35,0.53,6.7,0.8,1
8.63,1.9,6.75,0.68,1
2.36,2.44,7.73,2.82,0
4.55,0.85,7.44,2.12,0
7.32,5.19,6.96,2.49,1
4.34,1.22,8.81,2.34,1
5.4,1.5,3.44,0.36,0
2.38,1.03,7.61,4.42,1
5.36,5.2,7.86,3.34,0
4.13,3.33,8.38,4.04,1
6.47,1.1,6.92,1.21,1
6.87,4.16,7.25,2.62,1
9.68,2.8,8.18,2.3,1
5.66,2.89,8.79,3.69,1
5.15,1.98,6.64,3.74,0
4.89,1.38,7.32,2.29,0
3.79,3.01,9.01,0.0,1
5.18,1.68,4.45,4.67,0
3.91,5.23,6.17,2.83,0
4.84,0.6,8.76,1.09,1
7.14,4.8,8.31,2.61,1
2.49,2.33,7.63,0.0,1
6.78,2.95,6.46,3.58,1
7.13,3.75,5.94,0.0,1
4.26,1.55,6.29,1.67,1
0.26,3.8,8.86,2.37,0
3.28,0.0,6.25,3.56,1
7.09,1.42,7.12,2.16,1
4.45,1.11,6.1,2.95,0
2.5,0.62,8.01,1.96,1
3.49,2.18,6.35,1.95,1
6.18,3.08,6.88,2.13,1
5.59,3.55,4.98,1.72,0
4.02,2.86,5.06,0.0,0
3.77,1.5,7.01,0.85,0
3.72,3.05,5.41,2.37,1
2.66,2.69,9.53,1.63,1
7.73,3.9,4.53,1.77,1
3.86,3.67,6.04,1.51,0
6.93,2.55,7.02,0.7,1
7.54,1.15,6.56,1.26,1
6.5,1.52,5.68,1.54,1
3.64,1.68,5.85,2.01,1
5.31,2.03,5.81,2.59,0
4.45,2.9,6.66,1.73,1
2.69,3.57,9.34,0.46,1
5.15,2.42,7.09,0.0,1
2.14,2.52,8.42,5.9,0
6.88,2.71,7.61,0.31,1
3.57,1.73,8.34,1.22,1
4.9,1.11,3.64,2.78,0
5.07,0.0,6.63,2.54,1
3.98,1.46,8.57,2.78,1
5.67,3.21,6.31,1.34,1
3.55,1.45,9.11,2.36,1
6.24,2.14,8.78,2.09,1
1.81,3.2,6.44,1.53,0
4.75,3.28,6.4,2.37,0
8.38,0.88,5.78,3.58,1
2.5,4.0,6.24,1.97,0
3.14,4.19,5.52,1.98,0
5.53,0.81,7.51,3.6,1
4.86,1.26,5.25,3.44,0
5.2,4.29,7.72,4.38,1
5.48,2.28,7.75,0.0,1
5.77,0.0,5.01,3.36,1
6.72,0.4,8.86,2.9,1
5.32,2.13,7.62,0.67,1
4.02,0.76,7.9,2.38,1
5.85,1.88,6.09,3.58,0
8.3,2.55,7.75,0.76,1
4.23,4.69,8.35,2.66,1
2.55,2.06,6.88,3.31,0
6.71,4.11,9.4,0.39,1
4.26,4.64,7.05,1.79,1
0.15,4.65,8.37,2.45,0
6.19,2.93,7.35,0.81,1
3.43,0.0,7.7,0.68,1
4.32,3.19,4.99,1.8,0
5.16,4.07,7.45,3.2,0
4.88,2.38,6.12,2.97,0
5.92,5.12,5.98,0.71,0
3.63,3.79,9.09,2.98,0
5.53,3.35,6.74,0.75,1
3.98,4.13,5.8,0.0,1
5.98,3.0,6.57,1.45,1
5.73,0.0,5.44,3.68,1
2.63,1.75,8.72,2.98,0
6.67,4.3,6.17,2.0,1
3.43,1.29,7.64,1.37,1
6.12,2.16,8.63,1.42,1
5.23,0.93,6.4,2.16,1
8.18,5.18,7.64,0.4,1
4.05,5.02,5.76,1.48,0
3.8,1.17,9.93,1.68,1
4.46,2.72,8.12,0.0,1
3.89,1.48,6.77,0.74,1
6.1,3.42,6.07,2.62,0
1.27,3.26,6.86,2.01,0
2.39,3.72,6.59,1.54,0
2.36,3.0,9.34,0.63,0
6.4,6.9,5.53,4.37,0
7.92,0.96,7.16,0.74,1
4.29,0.0,6.98,2.38,0
4.16,1.91,6.86,1.27,1
4.64,0.15,6.87,2.05,0
6.82,0.26,6.86,2.69,1
2.65,1.0,8.05,0.0,0
4.98,1.12,7.73,1.99,0
6.45,1.07,7.5,3.79,1
5.5,3.28,3.36,4.64,1
4.88,1.74,7.36,1.8,1
6.5,2.23,5.01,2.06,1
0.0,3.84,7.78,5.32,0
5.86,1.35,8.77,3.7,1
3.19,2.1,5.89,1.07,0
0.84,3.05,6.69,1.07,0
5.52,0.0,6.28,3.43,0
7.25,0.0,8.48,0.48,1
4.23,3.02,7.11,3.63,0
6.41,3.24,9.07,2.5,1
7.72,5.6,7.5,2.78,1
7.13,2.74,7.29,1.61,1
7.78,3.73,7.08,1.06,1
5.98,2.21,7.98,4.19,0
4.65,2.95,4.91,1.63,0
1.3,5.0,7.1,1.38,0
4.01,0.0,6.92,1.88,1
2.81,3.12,7.87,2.29,1
8.84,5.7,6.77,0.45,1
4.15,2.92,5.75,1.15,1
4.75,4.98,7.01,1.07,1
5.6,1.56,5.7,3.27,1
4.59,2.45,4.69,0.67,1
7.89,2.55,7.87,0.0,1
3.25,0.0,7.69,0.0,0
4.89,0.75,7.56,0.0,1
3.02,0.85,8.56,4.04,0
1.86,3.73,6.2,2.02,0
3.28,3.81,5.28,2.75,0
4.43,2.99,6.92,2.8,1
3.64,3.74,6.58,2.08,1
3.12,2.25,5.99,1.89,0
1.69,4.3,6.9,3.57,0
4.33,2.51,6.27,2.22,0
1.49,2.59,4.8,4.1,0
6.02,2.1,6.47,2.93,0
4.66,3.53,5.64,1.07,0
1.58,1.87,7.28,1.25,1
3.88,3.96,6.21,0.91,1
3.0,0.8,8.33,3.83,0
5.14,0.85,8.92,1.39,1
7.18,3.53,7.82,0.8,1
0.75,2.37,5.14,2.48,0
4.73,1.82,8.81,1.85,0
4.18,3.84,8.89,2.44,0
5.84,1.59,7.02,4.83,1
4.93,2.2,8.59,3.37,1
3.0,4.6,6.34,2.04,0
3.86,4.81,4.76,0.0,0
2.91,4.86,6.09,1.25,0
6.65,2.08,9.08,3.07,1
4.54,4.35,5.21,0.24,0
8.3,1.08,7.0,5.21,1
4.38,1.14,7.04,2.02,1
3.08,0.0,6.38,2.07,0
1.47,5.01,6.47,1.0,0
0.89,1.2,7.09,2.75,1
1.33,2.31,6.33,0.26,0
5.03,1.13,5.29,5.25,0
5.52,3.54,7.26,3.98,1
1.34,1.94,8.29,3.48,1
6.29,0.54,8.04,0.0,1
3.53,3.16,6.03,2.31,1
4.79,0.35,5.5,3.81,1
7.72,1.24,6.66,2.89,1
6.29,0.0,8.88,0.5,1
3.96,0.36,7.77,1.02,1
2.72,2.77,7.84,1.32,0
0.2,0.0,8.07,1.09,1
3.06,0.28,7.5,4.29,1
4.08,2.5,7.14,0.0,0
2.53,1.68,7.79,2.98,1
4.24,5.49,6.34,0.06,0
4.65,5.25,5.3,0.56,1
4.05,1.2,7.87,0.0,1
3.2,3.34,8.49,1.18,1
4.84,3.62,5.66,4.27,0
5.38,1.6,7.99,2.4,1
2.32,0.26,9.02,0.2,1
7.32,2.48,7.0,3.53,1
4.3,2.24,6.02,3.85,0
4.54,1.85,7.15,2.16,1
5.92,3.16,6.34,5.05,1
4.97,1.37,6.26,3.23,1
6.41,0.77,7.52,3.02,0
5.07,2.66,5.08,0.79,1
3.28,3.08,5.27,2.94,0
5.22,0.74,7.02,2.33,1
2.21,3.89,6.97,2.78,1
4.72,0.0,7.41,0.97,1
4.43,1.63,9.25,2.19,1
4.08,2.11,7.13,0.77,0
4.24,1.55,7.72,0.0,1
0.74,1.65,5.83,3.5,0
3.4,5.31,7.92,0.0,0
4.69,1.22,6.37,2.16,1
4.82,6.16,7.09,2.5,0
2.44,3.16,6.87,2.49,0
7.03,2.64,8.24,1.58,1
2.77,3.21,5.43,2.41,0
6.44,6.29,4.26,2.71,0
5.35,1.01,6.74,3.1,1
3.21,0.82,7.56,4.6,1
8.05,1.37,7.18,2.35,1
2.11,2.55,8.48,2.1,1
6.34,0.0,7.52,0.64,1
6.5,2.53,6.32,2.65,1
3.16,5.04,4.21,3.0,0
7.28,2.73,6.72,1.71,1
4.0,2.06,8.23,2.82,1
5.08,1.57,6.53,1.56,1
5.02,3.85,7.03,3.01,1
4.23,1.26,7.51,3.37,1
6.12,5.27,5.78,3.35,1
6.09,5.4,7.75,2.18,0
1.0,2.89,8.96,0.44,0
7.11,2.48,6.79,1.08,1
1.18,4.05,5.65,2.89,0
6.57,4.14,6.92,5.67,1
6.75,1.29,4.33,1.49,0
2.32,1.71,7.4,2.68,1
3.68,0.52,7.54,1.17,0
2.29,3.11,9.01,0.54,1
4.07,3.5,6.77,0.99,1
3.88,0.48,7.49,0.0,0
6.06,1.82,5.97,4.03,1
7.12,0.48,6.57,0.0,1
7.29,1.15,5.17,1.6,1
3.38,3.33,6.77,0.23,1
4.08,1.4,6.63,0.67,1
1.13,2.05,7.36,4.06,1
2.89,0.06,6.25,2.3,1
6.43,2.78,7.1,0.55,1
7.73,2.43,6.6,1.12,1
2.03,1.41,6.6,0.85,1
3.32,2.22,7.1,1.93,1
4.45,2.77,7.05,2.26,1
5.06,1.28,7.91,4.84,1
2.88,0.29,6.86,0.0,1
5.35,5.21,6.58,1.95,1
3.55,1.55,6.78,1.53,0
4.47,2.35,6.14,3.42,0
5.59,4.02,6.57,2.53,1
4.51,7.79,9.44,2.89,1
3.63,0.63,5.9,2.52,0
4.28,3.17,6.67,0.6,0
4.32,1.44,6.54,3.82,1
3.76,1.69,6.7,3.2,1
3.98,1.42,6.6,3.37,1
7.7,0.81,7.34,3.9,1
5.62,2.44,4.95,2.63,0
3.91,0.29,8.24,4.22,1
5.89,3.92,7.76,2.57,1
3.83,2.58,5.51,1.67,1
6.85,3.13,4.28,1.99,1
5.24,1.8,5.83,1.96,1
4.29,1.95,6.71,1.22,0
5.4,2.93,10.0,4.45,1
1.36,0.75,7.65,2.44,0
2.25,1.96,4.83,2.14,0
2.11,1.21,6.17,2.58,0
4.79,1.16,6.94,6.47,0
7.97,0.0,7.3,0.3,1
8.96,4.51,5.42,0.73,1
5.78,1.47,6.84,0.0,1
5.5,4.25,6.14,1.65,1
0.9,4.1,5.68,2.37,0
3.41,0.57,7.31,1.3,1
2.92,0.87,7.93,1.19,1
3.26,6.34,8.01,2.21,0
4.16,5.13,7.69,1.25,0
3.56,2.45,6.4,2.47,0
0.54,2.89,7.86,3.67,0
6.0,1.55,7.37,3.02,1
2.35,3.15,7.16,3.32,0
4.98,1.42,6.27,3.63,0
8.65,0.0,6.4,2.42,1
2.66,0.52,7.09,1.76,1
0.0,2.53,9.93,0.84,1
3.93,0.8,7.36,1.41,1
6.7,2.4,6.27,1.21,0
8.42,0.89,6.0,3.1,1
2.04,1.33,6.41,2.52,0
5.49,3.78,9.61,3.05,0
3.57,2.87,6.52,0.26,0
4.29,2.49,8.09,4.15,0
9.79,3.82,6.55,1.36,1
1.49,3.22,7.31,0.35,0
5.01,4.67,7.95,1.34,1
5.44,1.81,6.31,5.73,1
6.67,1.86,6.23,1.42,1
4.7,0.55,8.99,1.51,1
5.12,1.86,8.18,1.71,1
3.72,3.95,7.95,1.78,1
5.04,4.45,7.94,0.83,0
3.81,3.94,7.55,2.21,0
5.74,0.0,9.42,3.61,1
3.76,4.12,7.05,2.47,0
5.25,0.0,7.69,0.33,1
4.44,3.85,5.26,1.48,1
6.75,1.95,6.01,1.17,1
4.4,3.55,5.56,2.08,1
0.95,0.5,8.53,4.0,0
7.02,4.26,3.94,1.78,1
2.69,0.3,6.52,1.87,1
3.19,1.5,3.41,4.67,0
3.31,1.0,6.0,3.31,1
7.25,0.0,6.41,2.86,0
0.23,2.64,8.66,4.94,1
10.0,5.21,7.48,2.73,1
6.61,6.5,6.0,0.0,0
4.95,2.65,8.28,3.25,0
4.39,4.18,7.02,0.0,1
5.07,2.85,7.05,2.68,1
5.54,3.25,5.56,0.0,1
5.79,1.99,5.81,1.3,1
5.61,2.79,6.01,1.45,1
4.68,3.31,7.06,0.84,0
4.11,1.63,7.09,1.48,1
4.2,2.38,8.85,3.55,1
4.11,2.41,7.46,0.93,1
6.77,3.74,3.75,2.82,0
5.69,0.9,7.32,0.55,1
0.0,2.42,5.26,1.72,0
5.81,5.37,5.84,2.49,1
4.89,4.25,6.03,0.51,1
4.46,4.52,6.2,0.03,1
3.72,2.54,5.35,2.74,0
6.75,2.98,7.24,3.68,1
6.4,4.0,5.31,1.88,1
2.95,4.84,7.43,1.31,0
5.31,0.0,9.68,2.23,1
2.56,0.53,5.4,2.08,1
1.74,4.46,6.66,2.36,0
3.25,2.08,3.97,0.0,0
6.22,1.49,6.64,0.4,1
6.41,0.62,7.77,0.73,1
5.53,1.67,7.86,2.23,1
5.95,0.4,7.09,2.28,1
5.53,5.64,8.07,2.95,1
3.22,2.47,10.0,2.39,1
5.36,2.41,9.05,0.05,1
6.1,3.38,6.37,4.17,0
6.01,3.94,5.26,3.91,0
6.88,3.92,6.51,0.11,1
5.92,4.11,5.86,2.5,0
5.2,1.55,7.54,1.11,1
6.64,2.05,5.58,2.21,1
4.45,3.65,6.91,3.58,1
2.74,1.71,8.01,5.2,0
4.17,2.49,6.88,3.13,1
3.01,3.1,5.86,2.44,0
3.15,3.68,8.41,1.49,1
4.21,0.0,4.75,2.27,1
2.92,3.57,6.61,4.04,1
3.88,2.15,6.95,1.93,1
0.71,3.56,7.02,0.67,0
4.93,3.67,7.22,0.0,1
4.5,4.91,7.73,2.77,0
2.87,4.53,6.96,2.37,0
5.82,4.52,6.56,1.03,1
6.38,4.67,6.51,3.54,1
1.28,2.94,6.27,1.37,0
2.97,2.55,7.95,1.8,1
2.96,3.81,6.22,1.98,0
2.62,3.6,8.02,1.47,0
6.16,2.04,7.02,2.35,1
4.11,3.11,6.37,3.73,1
3.97,2.45,7.74,0.29,1
0.49,1.22,6.13,2.73,0
5.77,4.44,7.77,2.26,0
2.02,2.58,7.26,2.23,0
4.62,5.57,6.28,3.31,1
5.05,0.06,7.63,2.07,1
7.22,1.66,7.66,2.72,1
1.88,2.55,8.39,3.07,0
0.0,4.21,8.16,1.24,0
4.87,3.1,7.59,2.45,1
8.1,2.97,5.65,1.62,1
6.98,0.81,9.94,1.8,1
4.92,0.76,5.32,1.52,1
3.52,2.98,8.14,2.71,1
6.11,0.45,7.52,2.12,1
2.55,1.7,5.59,2.59,0
5.45,3.25,6.85,1.97,1
5.51,1.03,6.91,0.0,1
6.62,4.91,8.57,2.05,1
10.0,4.34,6.14,2.1,1
5.28,0.14,6.69,2.36,1
3.48,1.1,4.2,1.11,1
4.45,0.0,9.08,0.21,1
0.96,1.33,5.72,2.94,0
3.11,3.65,7.39,1.59,0
3.68,1.88,6.88,2.26,1
3.45,3.19,6.88,1.58,0
4.8,0.22,7.97,1.99,1
2.86,3.7,9.01,1.33,1
6.74,1.67,7.3,0.55,0
4.5,2.52,7.79,2.71,1
4.48,2.36,7.39,1.1,1
3.84,0.59,8.22,2.25,1
4.81,0.77,6.44,2.62,1
6.15,3.95,8.29,1.12,1
2.77,3.1,8.33,0.19,1
3.18,4.08,8.3,5.64,0
3.89,2.99,6.21,1.21,0
1.81,2.71,6.8,2.94,0
2.86,0.0,7.29,4.91,1
3.55,2.09,5.35,3.18,1
6.25,2.46,8.91,1.55,1
5.03,5.43,6.99,1.9,1
4.89,3.53,7.34,0.75,1
6.2,4.8,6.31,3.32,1
4.23,3.4,5.41,2.85,1
5.28,1.43,6.28,1.23,0
4.29,2.68,7.26,0.44,0
5.03,2.85,7.81,0.02,1
3.33,1.09,7.19,3.48,0
0.0,1.92,7.42,2.18,0
4.23,2.19,6.6,2.32,1
7.35,4.91,7.6,0.77,0
6.35,0.0,8.78,0.0,1
6.43,4.31,7.85,3.44,1
6.97,1.09,7.97,2.06,1
4.68,0.44,7.35,3.36,0
4.89,4.27,5.2,1.42,1
3.26,3.6,5.75,1.64,1
3.87,4.38,7.55,3.07,1
5.73,3.7,6.99,3.1,1
6.91,5.59,7.53,3.2,1
4.22,3.34,9.01,1.56,0
3.6,2.27,7.87,2.92,0
4.5,3.01,8.51,3.66,1
5.7,4.37,7.11,1.84,0
1.61,1.33,6.03,1.23,0
0.0,1.52,6.93,4.01,0
3.4,2.04,6.03,1.02,1
2.06,0.0,8.87,2.94,0
3.48,2.71,7.95,1.91,1
4.2,0.0,7.62,0.0,1
3.59,2.58,8.48,3.69,1
7.4,3.8,4.58,0.0,1
5.15,1.78,7.71,0.0,1
5.1,5.02,5.43,2.79,1
5.74,0.31,6.99,2.79,1
2.22,4.29,6.63,1.04,0
6.58,3.51,7.79,2.22,1
4.35,0.0,7.27,0.0,1
5.84,6.57,8.61,3.06,0
2.36,2.4,6.28,2.37,0
1.39,1.18,7.85,1.93,1
6.14,0.39,7.19,2.03,1
5.25,2.17,5.04,2.74,1
2.7,2.31,5.9,1.96,0
2.76,2.65,6.82,0.0,1
6.75,2.05,8.33,5.29,1
2.12,3.45,7.56,3.8,0
7.79,1.92,5.6,0.07,1
2.7,0.0,6.83,1.48,1
5.78,2.28,9.42,1.65,1
3.84,0.0,7.13,3.62,1
5.71,3.03,6.61,0.0,1
3.41,1.03,7.59,1.25,0
4.17,2.75,7.92,0.0,1
4.58,4.47,6.45,1.57,0
2.5,1.08,7.6,1.29,0
5.98,4.09,6.61,2.12,1
3.47,1.85,7.86,1.09,1
4.04,5.13,7.2,0.87,1
2.51,1.95,7.58,2.93,0
0.0,1.24,6.09,2.68,0
4.12,3.53,6.01,2.83,1
9.33,1.85,8.13,1.73,1
6.07,1.24,6.9,1.14,1
4.46,1.78,7.34,1.82,1
3.97,2.43,6.63,2.75,1
4.54,4.51,8.08,0.0,0
5.59,0.0,6.27,2.59,0
2.14,2.53,6.84,2.46,0
6.73,3.44,7.94,2.09,1
5.93,2.79,8.41,1.78,0
5.94,4.46,6.37,0.0,1
5.38,2.39,9.35,1.34,1
4.54,2.22,7.38,4.68,1
5.85,3.39,5.75,2.02,1
5.68,2.65,7.44,1.54,1
3.79,1.91,6.54,2.03,1
3.35,3.27,7.52,2.53,0
4.7,1.52,6.95,2.99,1
7.6,1.58,7.09,1.66,1
2.02,1.71,5.91,2.64,0
1.56,4.53,8.19,4.51,0
4.83,0.0,5.61,3.51,1
4.6,3.09,5.67,5.51,0
4.85,2.55,7.44,1.01,1
4.99,0.0,8.92,4.51,0
4.05,2.96,6.58,0.81,1
7.48,3.21,7.84,2.53,1
1.3,3.38,8.29,3.1,0
2.84,0.0,7.98,1.23,0
4.29,4.55,6.63,2.13,1
1.21,1.39,5.69,3.37,0
4.15,3.53,4.35,0.93,1
7.82,3.61,6.68,4.5,0
4.54,1.18,8.41,0.0,1
4.96,3.49,5.65,4.91,0
1.98,1.92,7.84,3.5,0
3.27,0.0,5.86,1.87,1
3.75,4.25,7.13,1.4,1
3.86,1.34,7.85,1.24,1
7.06,1.22,6.21,1.8,0
5.62,1.9,7.2,1.93,1
2.28,2.91,6.5,3.88,0
4.99,2.41,7.85,4.95,1
5.5,3.32,7.28,2.3,0
6.78,0.49,7.07,0.73,1
7.66,1.39,8.87,1.18,1
2.47,2.33,7.79,1.73,0
2.88,5.35,6.17,0.45,0
1.98,2.33,6.9,0.23,0
4.03,4.13,6.91,5.15,0
5.43,2.56,7.1,2.45,1
6.47,1.77,10.0,0.75,1
4.35,2.13,7.45,3.22,1
3.86,2.25,4.56,0.23,1
4.8,3.41,6.35,0.36,1
2.83,4.56,4.68,0.8,0
8.68,3.04,6.6,4.48,1
1.28,4.28,4.62,1.62,0
4.87,1.05,5.95,0.0,1
8.55,1.88,5.18,3.82,1
4.51,1.41,7.46,1.54,1
4.12,2.97,7.0,0.0,1
3.79,1.96,7.36,1.52,1
4.14,3.59,6.87,2.78,0
7.25,1.1,5.33,2.61,1
0.08,2.56,7.62,4.7,0
7.57,3.53,9.31,0.72,1
1.65,0.0,7.49,2.07,1
3.97,5.68,6.49,0.95,1
3.64,2.08,5.29,0.0,1
5.68,0.0,5.91,3.33,0
1.3,2.74,7.54,2.69,0
5.42,2.55,8.29,2.43,1
8.55,2.38,7.31,2.64,1
1.77,3.99,7.96,0.97,0
4.88,3.62,7.85,0.49,1
3.18,2.95,7.61,2.06,0
5.35,3.18,6.21,3.74,1
4.54,2.34,7.21,4.41,1
3.22,5.16,5.98,3.19,0
5.48,0.28,7.02,2.04,1
8.11,2.71,7.4,2.4,1
4.12,2.6,9.01,2.02,1
5.94,3.72,5.43,0.46,0
1.91,1.23,7.58,2.04,1
2.59,0.0,8.78,0.0,1
5.44,2.74,7.91,1.81,1
7.47,2.92,8.0,4.45,0
5.21,4.73,7.71,3.23,0
3.87,0.59,8.56,0.62,1
4.5,4.23,5.7,1.89,0
2.0,6.05,5.34,0.75,0
5.71,1.93,6.99,1.91,1
6.26,0.56,4.41,3.56,0
3.6,1.89,8.48,2.98,0
3.56,2.52,8.46,5.73,0
5.03,3.35,6.48,3.79,0
3.63,1.61,6.56,2.31,0
4.37,4.83,6.91,3.02,1
8.7,0.83,7.06,1.7,1
4.01,0.0,7.15,0.31,1
3.78,4.16,7.67,3.96,0
3.2,0.0,6.79,3.51,0
5.99,2.19,8.13,1.64,1
4.14,7.18,7.54,2.41,0
3.2,2.48,6.27,3.86,0
7.14,0.82,8.6,3.27,1
7.34,2.41,5.37,0.0,1
3.3,2.42,6.89,2.37,1
0.77,2.74,8.16,1.75,0
6.52,3.49,6.13,3.67,1
3.13,0.94,7.37,3.55,0
6.08,5.03,7.65,3.98,1
0.56,2.87,5.97,0.32,0
6.29,3.59,6.91,0.82,1
2.08,1.56,6.81,3.67,0
5.96,4.43,6.34,1.11,1
4.53,2.11,9.76,0.0,1
2.59,2.92,6.08,2.8,0
3.69,1.1,8.21,1.18,1
5.87,1.0,6.53,4.68,0
4.71,3.53,5.7,2.44,1
5.67,1.83,7.12,2.24,1
8.45,1.22,7.78,1.45,1
1.37,1.54,8.1,4.39,0
7.73,3.55,8.87,2.54,1
4.71,1.56,10.0,1.39,1
2.7,2.32,7.3,0.81,0
1.84,2.52,6.2,1.89,0
4.12,0.0,7.54,0.53,1
6.34,0.29,6.68,3.54,1
4.24,3.0,8.11,0.0,1
7.52,1.39,5.44,1.79,1
1.6,4.09,9.84,2.92,0
4.48,3.95,8.03,2.51,0
2.0,3.58,4.98,0.92,1
5.23,5.23,6.15,2.99,1
6.27,2.38,7.98,0.67,1
3.66,3.47,8.41,1.97,1
0.0,1.62,5.47,2.98,0
4.9,6.18,7.86,2.69,1
5.37,5.48,4.66,0.99,1
5.31,2.52,6.89,3.8,0
6.97,3.08,8.33,2.13,1
2.36,4.54,6.34,3.11,0
5.86,2.28,5.19,4.29,0
6.89,1.52,7.18,3.68,1
0.94,3.81,6.27,3.68,0
5.14,2.62,7.76,2.29,1
3.49,2.77,5.94,3.19,0
4.34,1.25,6.07,2.32,1
5.2,0.0,4.57,0.19,1
3.53,2.85,7.2,2.45,1
3.15,3.86,6.81,2.38,0
4.57,2.16,5.57,2.88,1
2.33,4.65,7.23,1.81,0
2.33,1.44,8.23,0.86,0
5.86,0.92,6.74,2.98,1
2.2,2.4,7.32,0.03,1
5.83,2.38,7.33,4.19,1
5.43,3.65,5.55,1.65,0
1.05,1.34,9.47,2.37,1
3.14,4.55,6.43,2.84,1
6.89,5.45,7.79,2.89,1
2.54,2.44,7.92,0.0,1
3.57,4.37,6.83,3.24,0
5.42,0.92,7.73,2.45,1
6.07,4.11,7.29,1.05,1
4.0,4.07,5.3,0.88,0
3.3,3.8,6.6,1.5,1
7.34,2.48,6.26,0.05,1
7.98,0.0,6.45,4.58,1
6.46,1.54,5.44,4.23,1
4.67,1.56,8.35,2.68,1
2.88,1.03,8.92,1.66,1
2.84,2.68,8.17,1.7,1
5.55,1.87,8.52,3.14,1
5.34,1.26,6.59,4.64,0
7.3,0.91,6.24,1.14,1
5.8,1.43,6.07,0.32,1
1.49,4.18,7.77,4.32,0
6.6,1.51,7.27,0.0,1
2.5,1.73,6.91,0.49,1
3.73,1.81,8.55,1.63,1
5.0,3.01,7.49,0.0,1
8.49,3.18,5.99,3.67,1
10.0,0.0,6.18,3.29,1
5.71,4.03,7.82,1.14,1
4.13,4.65,8.25,3.92,1
5.57,0.92,7.66,4.17,1
6.28,1.04,9.28,1.83,1
3.86,1.82,8.96,1.32,1
8.09,1.37,7.53,5.39,1
4.96,2.84,5.99,3.08,0
5.5,0.0,5.43,2.38,1
5.83,0.82,6.54,4.05,1
5.34,4.81,7.9,2.45,1
6.18,1.11,9.19,1.24,1
3.27,4.37,7.5,2.12,0
3.38,3.03,8.4,3.56,0
2.3,0.0,6.71,0.0,1
5.38,3.45,7.75,1.57,1
6.06,2.32,7.99,4.07,1
5.42,1.82,4.62,1.23,0
7.85,2.87,6.5,4.32,1
4.49,3.21,8.14,4.12,1
5.84,3.56,7.33,1.9,1
2.32,4.27,5.56,1.15,0
3.73,3.11,4.08,1.57,0
5.89,0.44,6.56,6.0,0
6.2,1.79,6.91,4.81,1
3.91,6.91,5.94,2.19,0
4.36,3.59,7.17,1.09,1
1.46,6.05,7.61,2.18,0
3.79,4.59,7.8,2.37,0
6.28,2.86,4.17,0.13,1
5.65,2.95,5.42,2.12,1
5.5,2.45,6.63,3.98,1
4.6,0.0,7.69,0.0,1
4.51,2.53,7.59,3.24,1
3.18,4.32,7.57,4.06,0
5.9,1.6,6.54,1.16,1
5.34,3.12,6.61,4.54,1
5.48,3.78,6.13,0.96,0
3.45,1.14,7.92,2.66,1
0.19,1.82,5.9,1.54,1
6.69,0.97,8.02,1.54,1
3.54,1.27,7.25,1.07,1
2.77,0.57,6.95,3.05,0
5.89,1.15,6.21,3.27,1
3.72,4.63,5.37,1.9,1
6.62,1.13,6.22,0.0,1
5.73,2.69,6.6,2.6,1
5.87,1.75,4.16,2.63,1
1.77,4.27,6.76,1.67,1
6.92,4.47,8.11,4.8,1
5.02,3.8,7.68,0.0,1
3.76,2.96,6.4,0.0,1
4.79,2.15,7.06,0.9,1
0.95,0.71,6.33,3.07,0
5.32,5.42,7.18,0.42,1
2.44,1.36,8.85,0.53,0
1.79,3.5,8.16,3.43,0
1.46,4.09,7.62,2.69,0
6.73,1.67,6.41,2.57,1
3.24,4.06,7.9,3.17,0
7.57,3.65,4.98,1.36,1
3.43,5.09,6.7,1.43,0
1.09,1.8,7.7,3.21,0
2.27,0.57,7.89,0.0,0
6.97,1.74,7.8,0.0,1
4.19,2.81,7.35,1.35,1
3.4,2.59,6.77,3.4,1
4.82,1.91,7.65,2.38,1
5.5,0.0,5.86,3.29,0
6.73,3.21,5.99,0.0,1
7.4,5.46,7.07,2.47,1
3.78,3.2,7.21,2.98,1
1.85,3.41,4.81,0.0,1
3.67,3.36,7.55,3.29,0
5.02,3.1,7.93,1.83,0
2.57,3.9,6.91,6.61,0
2.59,3.09,9.85,0.0,1
5.19,2.03,6.18,4.05,1
4.4,1.31,6.57,1.41,1
4.57,2.13,6.53,0.0,0
2.98,2.97,6.91,1.21,0
4.04,2.03,6.61,2.42,0
2.65,2.97,5.31,3.56,0
6.28,3.16,6.34,4.58,1
6.57,3.75,6.88,4.13,1
0.81,4.42,8.47,0.55,0
2.64,2.62,9.64,3.7,0
1.51,0.54,8.6,2.59,1
3.2,1.98,6.07,1.02,1
4.33,2.57,6.17,1.68,1
1.6,0.0,6.81,0.94,1
2.66,4.58,9.14,2.06,0
2.49,2.71,6.8,0.91,0
4.91,3.07,5.41,0.46,1
4.64,4.55,6.4,2.72,0
3.06,1.55,7.91,2.94,1
4.85,3.36,7.83,1.72,1
3.41,2.34,6.76,4.05,1
3.96,2.22,7.82,1.61,0
7.85,1.34,4.27,1.55,1
7.18,5.0,7.12,2.99,1
1.9,1.94,8.03,1.8,0
6.16,3.55,6.0,2.13,1
6.12,0.0,6.0,0.0,1
2.2,4.27,4.76,2.03,0
6.14,4.08,8.91,0.0,1
7.58,2.65,6.14,0.17,1
2.25,2.16,7.29,0.0,1
2.66,3.1,7.72,0.44,0
6.54,5.93,8.81,1.18,1
5.04,0.0,6.82,1.27,1
5.6,3.67,6.35,3.0,1
5.18,1.13,7.21,2.33,0
5.28,2.47,8.54,0.0,1
1.85,2.13,6.8,2.12,1
6.59,1.86,5.85,2.48,1
6.84,2.48,5.15,1.51,1
4.04,0.8,5.53,1.91,0
4.41,4.04,8.04,2.29,0
1.44,0.0,6.62,3.15,0
5.53,3.31,6.27,0.0,1
5.64,2.01,6.14,1.63,1
4.38,0.74,7.1,4.26,0
6.75,2.8,6.71,4.12,1
3.83,0.16,6.67,3.28,1
5.63,2.56,8.62,2.81,1
2.46,0.37,8.85,4.48,1
4.45,3.19,5.07,4.88,0
4.15,1.11,7.39,1.81,1
4.95,1.82,6.07,0.55,1
3.76,2.94,6.7,1.59,1
4.24,1.34,7.37,6.65,0
6.15,2.41,6.74,0.0,1
3.63,0.23,7.28,1.29,0
1.29,3.45,7.81,0.0,0
8.0,5.15,7.35,2.19,1
7.26,6.69,6.22,0.2,1
1.92,2.64,6.24,1.84,0
5.88,3.68,5.27,0.0,1
3.49,0.0,5.98,2.93,0
5.03,4.75,9.35,3.83,0
5.09,3.66,6.05,1.42,0
4.03,1.77,5.57,1.8,0
2.93,4.36,7.38,1.75,1
3.12,2.12,6.87,2.27,0
2.67,1.81,6.77,1.94,0
2.84,3.21,8.69,3.15,0
4.37,0.9,7.66,3.85,0
3.07,4.03,6.36,0.78,1
5.86,0.92,6.49,1.54,1
7.47,0.92,6.4,3.35,1
3.34,1.14,8.05,0.0,1
4.98,3.64,6.63,0.0,1
5.5,1.57,4.85,2.34,1
5.44,0.48,6.94,2.74,0
4.65,1.59,5.16,0.92,0
5.99,2.45,9.62,1.13,1
5.46,0.73,5.84,0.86,1
2.02,0.77,6.81,0.7,1
6.24,5.67,7.31,3.04,0
6.27,1.21,6.65,0.23,1
2.97,2.02,6.65,1.6,0
4.58,1.95,7.51,0.64,0
5.87,1.87,8.83,0.0,1
4.08,3.43,7.92,3.31,0
6.65,3.92,8.77,1.22,1
9.23,2.04,5.74,2.28,1
2.93,0.65,7.38,0.0,1
1.74,4.41,7.19,0.89,1
5.11,2.36,7.42,3.13,0
5.94,5.1,8.65,5.88,0
4.04,0.0,6.74,0.0,1
7.41,2.79,6.51,1.7,1
1.82,5.38,7.64,2.62,0
5.89,1.97,4.87,1.08,1
3.29,2.16,6.72,3.27,0
7.94,2.94,6.84,0.7,1
8.49,1.66,5.9,2.23,1
2.97,2.03,8.27,1.22,0
3.4,1.99,5.73,3.83,0
6.22,1.56,6.84,0.99,1
3.73,4.34,7.35,1.47,1
4.41,3.19,8.62,3.42,0
4.55,2.88,6.99,0.46,0
0.66,3.71,8.12,2.1,0
4.47,2.1,7.84,0.0,1
3.12,1.34,7.15,0.37,1
3.51,1.6,5.69,2.57,1
7.39,2.5,5.28,0.51,1
1.99,0.91,7.13,1.18,0
6.13,1.75,6.35,2.74,0
3.94,1.73,8.1,1.13,1
3.94,5.69,7.9,3.23,0
6.08,0.0,6.78,2.32,1
5.18,2.23,5.61,2.65,0
5.64,5.09,7.61,3.86,0
6.44,2.68,5.78,2.48,1
3.84,3.63,6.09,4.31,0
3.28,2.65,5.82,3.37,0
2.33,1.5,6.83,1.21,1
2.85,0.0,8.4,3.94,0
10.0,2.81,6.99,2.4,1
6.99,1.34,6.47,1.41,1
1.8,1.3,5.17,2.42,0
1.86,1.75,7.66,3.67,0
5.46,5.12,6.06,2.68,1
5.59,6.11,7.14,4.73,1
5.6,2.83,6.57,3.63,1
3.99,1.8,8.01,2.78,1
4.25,0.73,6.81,0.46,1
5.16,3.2,6.93,1.73,1
4.67,5.17,7.58,2.11,0
0.06,2.13,9.53,3.04,0
4.04,0.0,8.07,2.96,1
2.8,3.51,6.89,2.25,1
4.85,3.98,7.0,2.18,1
10.0,0.12,6.37,3.08,1
5.23,2.76,5.86,0.71,1
3.87,3.18,6.34,4.54,1
6.34,2.39,6.07,0.0,1
5.47,1.31,7.78,4.18,0
5.34,4.02,5.71,1.93,1
5.71,1.89,8.6,3.5,1
8.61,0.27,7.9,2.55,1
2.24,0.0,7.02,2.52,0
5.45,4.39,7.0,2.83,1
2.65,3.42,6.33,3.21,1
5.61,2.63,7.32,1.51,1
2.66,1.84,8.31,3.55,1
3.67,1.71,6.16,0.37,1
3.91,0.89,5.16,1.99,0
6.45,1.85,7.84,3.25,1
6.34,0.0,7.39,3.49,1
2.01,1.4,5.66,2.69,0
4.61,2.03,6.12,1.41,1
3.08,3.41,5.97,3.35,0
1.98,2.44,6.13,1.0,0
4.07,3.69,6.61,4.63,0
3.88,4.52,6.68,1.87,0
9.35,4.09,6.22,0.0,1
5.37,3.21,6.09,0.21,1
1.74,2.52,6.73,2.07,1
3.37,1.03,7.2,2.21,0
6.54,3.61,6.62,4.95,0
8.68,5.02,8.39,0.44,1
1.33,3.01,7.61,2.06,0
0.74,5.38,5.09,0.41,0
8.24,0.21,7.63,1.26,1
5.28,0.77,7.73,4.53,1
2.76,3.78,6.48,0.3,0
5.57,2.9,5.21,2.88,1
0.0,4.47,7.01,2.59,0
4.51,2.48,6.99,1.96,1
5.16,1.2,5.65,2.78,1
6.35,2.18,5.26,0.26,1
2.47,0.2,6.89,4.48,1
4.67,0.81,6.72,4.89,0
2.65,3.96,6.5,2.07,0
5.01,3.81,6.9,5.63,1
2.71,3.04,5.68,1.4,0
3.68,0.0,6.48,2.6,1
2.51,1.96,7.64,4.15,1
5.8,0.66,6.58,1.31,1
6.22,4.26,4.99,0.0,1
4.03,1.62,6.43,0.0,1
4.58,0.87,5.72,5.09,1
1.6,2.54,7.32,1.21,0
3.9,1.54,7.38,1.72,0
4.4,4.73,5.01,0.33,1
9.74,1.4,7.91,3.42,1
2.28,0.4,5.67,0.83,1
7.43,0.0,8.87,1.26,1
6.49,2.45,6.94,2.45,1
5.06,1.66,5.5,0.4,1
8.02,0.36,5.63,1.73,1
5.24,4.28,7.42,4.1,0
5.28,3.5,6.53,2.64,1
4.39,2.46,6.88,2.2,1
6.95,4.55,8.94,2.32,1
6.69,3.49,6.16,1.42,1
3.25,1.27,7.07,4.99,1
1.86,0.94,8.7,0.78,0
4.09,3.73,7.32,2.32,1
2.9,3.09,5.07,2.17,1
4.37,2.75,7.61,3.51,1
6.97,1.23,5.6,3.65,1
3.59,3.41,8.69,1.95,1
4.41,1.37,6.01,2.44,1
4.62,2.35,10.0,2.49,1
6.2,4.67,8.76,0.0,1
0.01,1.51,6.04,0.0,0
3.29,0.14,7.02,1.09,1
4.92,0.92,7.9,1.16,1
6.9,3.99,7.94,0.2,1
3.52,2.88,7.53,3.12,0
0.75,2.31,8.5,2.0,1
5.74,1.74,6.85,1.68,1
3.23,3.23,6.56,0.12,0
2.12,1.23,6.58,1.93,0
3.25,2.96,8.03,0.0,1
4.13,1.4,7.44,1.76,0
3.29,1.15,7.35,2.09,0
0.09,1.54,7.95,2.36,0
6.29,1.94,4.54,0.0,1
7.05,2.43,7.37,2.34,1
5.8,2.85,7.26,0.44,1
2.22,0.0,9.0,0.78,1
4.1,1.29,5.17,3.08,0
4.49,1.91,8.87,5.02,0
5.7,4.76,7.09,2.08,1
5.84,0.88,7.59,0.77,1
3.03,2.74,9.01,2.28,1
4.66,4.74,7.67,3.41,0
5.41,0.53,7.48,2.93,1
7.41,3.09,7.29,6.11,1
5.91,1.3,6.42,0.93,1
6.08,1.74,6.97,2.38,1
4.67,1.3,6.14,4.32,0
7.32,1.4,6.95,4.23,1
5.32,6.58,4.2,0.0,1
2.78,3.77,7.51,1.99,1
7.31,4.15,6.85,4.23,1
5.9,3.24,6.6,6.34,1
3.61,0.09,7.26,3.06,0
3.54,3.09,5.28,1.45,0
5.09,4.11,9.32,0.49,1
5.43,1.22,6.88,5.33,1
4.89,3.95,6.82,3.09,1
5.12,3.56,5.84,0.73,0
7.9,5.28,7.03,1.7,1
6.64,1.87,8.66,2.47,1
4.88,0.85,8.24,2.82,1
6.38,1.96,8.03,0.65,1
2.43,4.65,7.66,1.08,0
5.3,0.0,6.57,0.0,0
8.12,0.0,5.26,3.56,1
4.06,2.63,6.76,1.49,1
2.8,1.84,6.72,2.7,0
3.2,2.51,8.26,4.13,0
2.32,3.92,7.37,2.33,0
2.93,1.67,8.93,1.83,1
3.76,0.0,8.44,2.29,1
1.69,5.57,6.45,2.09,0
4.53,1.0,4.85,3.87,1
6.3,0.91,8.66,2.47,1
2.68,4.16,8.63,1.18,0
7.54,1.92,5.36,3.57,1
5.52,2.4,8.81,3.85,1
6.56,3.22,7.46,0.0,1
3.18,4.13,7.19,4.3,0
6.21,2.0,8.94,2.55,0
2.32,4.78,8.61,2.42,0
6.28,0.0,7.78,3.51,1
4.84,3.64,7.57,1.15,1
5.61,1.24,7.74,3.43,1
2.15,4.56,6.52,1.43,0
2.71,2.71,6.93,0.0,1
5.69,1.49,5.92,0.5,1
2.6,3.49,6.6,2.85,0
5.43,3.84,6.56,0.58,1
1.77,3.46,6.24,4.42,0
6.2,0.96,7.16,3.78,1
2.03,1.77,6.61,4.0,0
5.6,2.49,7.6,2.19,1
5.75,2.44,5.05,2.39,0
3.11,3.62,6.86,0.21,0
5.66,0.0,7.16,3.49,1
5.02,3.0,6.63,2.57,1
3.42,2.07,6.79,2.85,1
2.48,1.24,5.1,4.53,1
0.57,1.39,7.43,1.09,0
5.2,2.18,7.78,1.81,1
1.37,0.0,7.59,2.49,0
4.69,1.45,8.25,0.6,1
3.97,1.19,7.24,1.72,1
5.86,3.3,7.57,2.74,1
3.9,1.29,7.19,1.51,1
3.84,2.18,7.83,3.96,0
5.96,4.81,5.11,0.0,0
5.17,3.99,5.93,3.68,1
5.13,3.85,8.9,2.99,1
5.44,1.75,4.05,1.15,1
1.43,3.31,6.83,0.61,1
6.01,2.15,8.41,0.0,1
5.72,2.21,6.89,0.81,1
2.47,3.11,6.51,3.57,0
4.01,1.6,7.16,1.92,1
4.42,4.74,6.58,3.74,1
4.23,2.26,7.04,1.07,1
5.17,3.43,6.18,3.06,1
7.36,4.68,8.33,0.92,1
6.66,4.05,8.71,0.55,1
1.88,0.39,6.84,1.84,0
5.74,3.17,5.34,1.0,0
7.16,3.78,6.37,0.0,1
5.27,3.84,6.78,1.73,0
6.68,0.83,7.61,2.16,1
8.52,1.51,5.79,3.9,1
6.55,3.99,6.08,3.41,1
5.0,1.36,7.61,3.83,1
6.59,2.05,8.13,3.08,0
4.79,4.86,6.25,2.5,1
4.55,2.43,5.4,0.16,1
3.8,1.41,10.0,2.22,1
7.63,1.18,7.94,2.9,1
2.86,3.0,6.68,4.19,1
7.56,0.5,8.04,3.03,1
5.5,2.13,6.85,3.86,1
1.7,3.0,8.04,0.45,0
5.24,4.45,7.19,1.51,0
0.3,3.5,7.11,2.64,0
5.75,1.43,6.86,3.74,1
6.27,4.27,5.26,1.78,1
3.32,2.05,9.33,1.88,0
4.75,0.65,5.87,3.03,1
8.41,2.24,5.37,0.31,1
3.49,4.66,6.74,4.41,0
2.38,2.75,5.85,0.68,1
7.46,2.52,6.94,0.0,1
8.43,4.96,7.83,2.02,1
4.51,0.35,8.19,4.55,1
6.52,0.57,7.98,2.88,1
7.18,0.08,6.63,3.13,1
3.02,3.06,7.06,2.06,1
3.53,2.75,7.49,1.77,0
6.96,4.81,4.89,0.0,1
7.87,2.87,7.68,0.0,1
5.63,1.89,5.25,2.29,1
2.74,2.5,9.45,3.97,1
8.47,2.68,6.51,2.52,1
3.44,0.0,6.78,2.94,1
3.83,6.57,6.08,4.38,0
5.18,3.28,6.24,2.49,1
7.61,2.82,9.73,1.82,1
6.21,3.42,8.13,0.77,0
5.33,3.56,5.14,5.03,0
5.43,2.29,8.81,2.79,1
4.59,1.55,8.43,0.58,1
5.62,3.4,6.66,0.24,0
0.0,3.08,7.37,3.88,0
3.91,1.29,6.98,0.44,1
4.98,4.63,9.37,4.78,1
2.2,2.94,6.04,0.0,0
5.27,3.59,7.18,4.13,0
4.09,4.59,6.49,2.73,1
8.01,2.53,5.28,2.18,1
7.65,2.98,9.63,1.74,1
3.57,3.72,5.58,4.84,1
4.2,1.41,7.26,3.06,0
4.35,2.58,4.91,0.65,1
3.6,2.69,6.52,0.0,1
4.89,1.07,7.51,2.27,1
2.98,5.98,6.01,2.0,0
2.24,0.39,7.7,0.0,1
5.75,0.55,6.68,1.92,0
5.76,4.47,8.39,1.14,1
2.89,3.57,8.63,2.01,1
6.29,0.96,6.3,3.09,1
3.24,3.41,7.09,4.24,1
5.01,4.7,7.22,3.36,1
6.14,2.45,7.74,0.92,1
4.43,6.4,7.02,2.55,1
5.41,0.0,7.23,2.09,1
3.47,3.54,6.71,0.0,1
4.11,4.25,7.14,2.6,1
4.09,3.84,8.56,4.79,0
3.01,2.19,7.78,2.05,1
4.15,2.06,7.84,0.0,0
1.4,3.17,7.87,2.05,0
3.52,3.72,6.82,0.18,1
3.93,3.4,7.38,3.3,0
3.99,4.06,5.7,2.79,1
4.02,0.97,8.52,1.74,1
4.38,2.16,3.66,1.5,1
5.46,1.09,6.9,1.68,1
6.25,1.92,8.37,2.01,1
3.2,4.02,5.36,0.84,1
2.09,2.66,7.48,0.0,1
2.42,6.41,6.18,3.71,0
3.53,2.79,6.56,1.42,1
3.8,2.59,8.14,2.25,1
2.96,2.66,7.24,2.43,0
1.91,1.54,4.56,2.48,0
3.59,2.41,5.83,0.24,1
4.86,4.19,8.17,0.0,1
5.69,2.67,7.54,1.12,1
3.39,1.31,9.1,2.59,1
3.67,1.11,9.02,0.91,1
2.65,1.82,6.59,1.47,0
4.44,2.61,10.0,5.19,0
2.8,4.29,7.03,0.0,1
5.65,0.49,5.84,0.87,1
0.93,2.02,6.24,4.84,0
3.78,2.72,4.29,1.93,0
5.1,0.0,8.93,0.94,0
4.87,1.25,8.91,3.75,1
9.89,1.48,5.78,2.08,1
5.2,1.31,6.73,1.48,0
2.49,2.79,7.11,2.29,1
4.31,2.26,5.85,1.01,1
0.95,1.67,4.89,0.47,1
4.34,3.14,6.75,1.83,1
2.83,5.08,6.61,0.48,0
6.33,4.96,6.53,2.02,0
3.4,0.0,7.27,2.53,1
4.27,3.37,8.72,3.28,1
3.23,2.23,6.64,3.69,0
7.98,2.73,7.2,1.39,1
3.86,1.9,7.87,2.75,1
8.17,2.68,7.66,2.74,1
6.13,2.73,6.26,2.49,1
5.46,1.63,7.12,1.28,1
5.24,1.16,7.66,0.46,1
5.29,1.83,5.65,2.75,0
0.64,2.85,8.52,0.0,1
3.94,3.4,8.72,1.6,1
6.19,3.78,6.13,0.0,1
4.4,1.76,7.23,0.0,1
1.69,2.93,7.77,0.68,0
4.4,3.94,6.35,3.65,0
7.91,4.25,7.58,3.03,1
6.99,2.41,7.2,1.17,1
4.38,2.17,5.24,3.09,0
6.4,2.79,7.55,3.33,1
3.77,0.78,5.68,1.76,0
1.09,2.21,8.13,0.0,1
2.65,3.62,6.19,1.69,0
7.63,3.46,6.81,1.85,1
3.95,2.09,8.65,0.15,1
4.01,2.83,7.6,2.55,1
3.9,1.26,5.7,2.42,0
8.31,3.56,5.78,2.67,1
7.75,2.38,6.28,2.42,1
8.94,2.09,7.47,3.09,1
4.18,1.96,7.43,1.73,1
5.09,2.41,5.99,2.3,1
1.47,1.83,5.6,1.4,0
7.45,3.49,7.34,1.12,1
2.16,1.91,6.78,4.01,0
4.93,4.89,9.59,0.0,1
2.31,4.7,7.04,3.32,0
3.32,1.16,9.18,1.07,1
2.83,2.6,5.6,0.87,1
3.28,1.52,5.11,2.39,1
3.42,2.01,5.66,0.0,1
3.4,5.5,8.43,0.78,1
6.17,2.04,9.11,0.73,1
2.29,3.04,6.06,1.67,0
4.94,3.31,6.45,0.79,1
6.94,1.0,5.6,4.4,1
3.47,1.22,4.83,4.7,0
3.06,0.69,7.86,0.0,1
4.04,1.17,7.27,2.82,1
6.86,0.0,7.01,3.29,1
4.89,3.32,5.32,2.81,1
3.44,5.58,8.97,1.01,0
5.47,2.72,6.4,1.63,1
2.3,0.38,7.64,0.88,0
5.86,1.54,5.25,1.37,1
5.32,1.81,6.77,0.19,1
3.88,0.97,7.35,1.83,1
2.82,3.79,7.39,0.0,0
2.73,3.72,7.19,1.7,1
5.57,0.77,7.59,0.13,1
6.96,3.59,5.64,2.31,1
3.23,4.79,7.24,0.98,0
5.42,5.35,7.14,2.44,0
0.33,6.8,7.28,3.62,0
3.33,1.15,7.09,4.38,0
4.44,6.74,5.47,0.0,0
2.68,1.97,5.42,0.75,1
2.63,1.61,4.34,1.55,1
3.16,2.99,7.98,2.69,0
5.08,1.63,7.99,0.0,1
4.13,3.1,8.01,0.53,1
0.02,0.52,7.37,2.2,0
0.26,2.14,4.44,2.13,0
3.29,4.43,5.77,2.57,0
5.42,2.41,7.2,2.67,1
0.0,2.71,7.16,2.51,0
3.5,3.21,6.73,2.29,1
3.45,4.26,7.44,2.08,1
7.28,0.02,7.01,3.0,1
3.73,3.38,7.14,0.0,0
5.27,2.1,6.23,4.32,1
4.78,2.75,8.18,0.0,1
0.24,4.09,6.48,0.38,0
6.04,0.71,5.4,1.66,1
4.93,0.98,6.07,3.01,1
5.52,0.0,6.58,0.0,1
10.0,1.68,8.19,1.96,1
0.33,4.5,6.95,3.19,0
7.95,2.32,6.78,3.49,1
3.93,0.49,5.5,0.95,1
5.07,1.77,7.94,1.55,1
4.41,0.27,6.22,1.08,1
3.65,0.81,6.88,1.41,1
3.36,3.08,8.78,0.45,1
5.16,0.74,7.61,0.67,1
1.47,4.17,5.05,2.65,0
6.0,2.39,4.88,2.2,1
3.67,2.63,6.92,2.74,1
2.24,2.08,5.54,2.32,1
3.6,3.66,7.78,3.06,1
7.01,3.67,7.05,3.32,1
3.43,3.0,7.2,0.0,1
5.22,3.35,6.15,0.72,0
3.04,2.18,9.09,1.65,0
6.02,3.31,10.0,1.97,1
5.87,1.99,6.67,0.99,1
8.2,2.5,7.42,3.37,1
4.15,2.09,7.12,4.97,0
5.84,1.81,6.69,2.28,1
4.7,1.47,6.0,2.13,0
7.09,3.2,5.7,3.27,1
3.06,4.47,5.64,0.0,0
5.99,4.26,7.49,2.04,1
4.11,0.62,6.38,3.47,1
4.37,4.43,3.91,1.04,1
4.68,2.02,7.53,0.16,1
5.0,3.4,6.95,1.72,1
4.27,1.14,8.62,1.91,1
4.93,2.71,7.45,0.64,0
7.66,2.97,5.23,5.14,1
6.47,0.27,4.32,1.28,1
6.24,3.41,6.14,0.27,1
3.59,4.52,6.25,1.86,0
2.72,2.24,8.13,3.36,0
6.41,4.54,6.99,2.03,1
6.25,2.22,8.36,2.73,1
7.45,3.77,5.41,0.69,1
3.29,0.0,8.16,4.23,1
4.04,6.13,7.87,2.84,0
1.22,4.74,4.58,3.57,0
3.72,2.07,8.59,2.55,1
6.49,0.0,7.11,3.24,1
3.57,2.93,7.47,0.69,1
5.78,0.33,5.96,1.26,1
4.12,3.17,8.53,4.02,1
5.15,3.12,5.58,4.34,1
2.2,1.09,8.0,0.28,1
4.67,4.18,7.98,2.37,0
0.0,3.71,5.83,1.35,0
4.13,3.96,9.38,0.95,1
1.24,2.51,7.28,2.43,1
6.91,0.38,7.78,3.71,0
6.05,3.97,5.17,2.68,1
5.43,2.09,9.54,1.52,0
7.54,0.42,5.53,2.77,1
2.6,4.53,8.23,1.46,1
7.99,5.65,5.81,2.62,1
6.36,2.44,6.26,4.09,0
4.03,5.74,7.95,0.0,0
6.77,2.64,8.23,3.2,1
2.29,1.93,5.47,0.0,1
2.85,1.55,8.31,3.84,1
3.28,4.96,8.25,1.04,0
3.44,1.33,5.87,0.17,1
2.39,3.6,8.92,3.04,0
6.95,1.66,5.25,2.55,1
3.98,1.81,6.25,0.5,1
5.21,4.05,7.57,0.12,1
3.36,1.93,5.98,1.72,0
0.86,1.89,7.32,0.19,0
5.04,4.2,7.29,0.41,0
0.68,4.9,6.78,2.17,0
4.36,3.47,8.0,0.55,1
1.76,1.52,6.73,2.64,1
8.47,1.73,7.28,4.24,1
6.32,2.62,8.38,1.78,1
4.71,2.98,7.95,2.2,1
7.03,1.02,7.94,5.03,0
2.81,3.58,5.62,0.22,0
5.59,2.63,7.63,3.79,1
4.9,0.0,5.95,3.61,1
5.03,1.11,5.46,3.28,0
7.04,1.74,6.91,3.94,1
5.96,2.39,5.91,2.42,1
5.08,5.33,7.95,1.13,1
1.19,2.86,7.98,3.64,1
2.58,1.24,4.72,3.7,0
4.25,2.83,6.01,3.66,0
4.69,1.97,5.25,2.07,0
2.24,2.99,6.44,0.93,0
9.32,3.37,7.55,2.29,1
7.53,4.31,6.71,3.41,1
5.7,2.46,6.29,3.54,1
4.64,4.96,8.56,1.36,1
4.08,3.86,4.23,2.47,0
2.6,1.44,8.48,0.04,1
4.65,5.81,6.35,3.48,0
5.02,2.99,6.91,0.83,1
2.02,1.25,6.37,3.18,1
5.17,4.98,8.85,0.28,1
4.19,5.62,5.52,3.55,0
0.68,2.45,7.01,2.48,0
2.78,1.74,7.63,0.83,1
3.67,2.24,5.07,3.04,0
8.28,3.57,5.9,1.11,1
5.61,4.42,6.82,3.12,1
1.83,3.36,5.94,1.59,0
5.47,2.65,6.02,0.0,0
1.41,4.75,6.58,0.53,0
6.67,2.03,7.78,1.35,1
3.56,4.05,6.59,4.05,0
4.31,2.07,8.29,3.35,1
7.15,3.15,5.8,4.44,1
1.93,2.33,5.5,4.48,0
1.71,2.42,9.31,1.2,1
3.33,1.93,6.21,1.72,1
6.58,4.52,5.43,1.38,1
1.46,1.4,4.91,0.99,1
0.0,1.39,8.29,0.0,1
3.6,5.68,6.59,1.98,0
5.6,3.97,6.7,0.07,1
6.9,0.0,6.81,1.95,1
3.57,1.65,8.22,5.17,1
3.68,0.0,6.78,1.24,1
6.81,1.07,9.81,2.29,0
0.76,0.0,7.16,3.36,1
3.72,2.29,8.27,2.42,1
4.88,0.79,7.97,2.44,1
5.4,2.59,6.96,1.46,1
3.48,0.06,6.3,1.65,1
4.57,2.62,7.4,0.56,1
0.0,1.88,7.61,3.27,0
3.18,4.75,6.31,0.0,1
5.41,4.62,7.2,3.46,0
2.54,3.68,8.48,0.0,1
4.62,2.01,9.48,3.44,1
5.39,5.48,8.03,1.47,0
3.81,0.17,9.24,0.15,1
4.84,0.39,6.24,2.87,1
2.57,2.37,7.84,3.39,0
4.09,5.88,8.61,1.34,0
5.72,2.2,5.92,3.08,1
4.81,2.23,6.42,0.0,1
3.33,0.34,9.09,0.02,1
4.95,3.92,5.83,3.94,1
5.93,3.93,5.39,1.66,1
0.4,3.68,8.83,0.0,0
6.82,1.56,8.44,0.95,1
3.83,1.44,7.52,0.61,1
5.35,0.56,6.95,1.75,1
6.89,2.63,6.47,1.44,1
1.76,0.88,7.34,2.27,0
3.08,0.73,8.9,1.9,0
3.92,1.86,7.29,4.04,1
2.93,1.77,9.6,2.64,1
7.97,1.69,5.92,2.69,1
2.79,3.2,6.98,3.75,0
3.39,2.62,6.55,1.42,1
4.91,2.07,5.7,0.11,1
2.1,2.77,6.82,3.81,0
3.71,1.01,7.5,2.2,0
5.13,2.66,7.63,2.21,1
3.83,2.73,9.6,1.05,0
4.31,0.25,7.56,1.07,1
3.44,3.99,8.38,3.27,0
1.47,1.18,7.08,3.48,0
5.14,2.64,9.01,3.18,1
8.01,4.25,9.88,3.19,1
4.54,3.89,7.64,2.85,0
4.95,2.55,5.81,2.2,0
5.89,1.96,6.34,1.74,1
1.96,3.92,7.34,3.82,0
7.91,3.51,7.55,1.44,1
4.9,1.57,7.84,2.55,0
7.76,1.31,7.55,0.79,1
3.03,0.0,7.01,1.01,1
8.14,2.73,6.24,1.65,1
6.05,2.38,7.48,0.79,1
5.61,4.2,9.23,3.2,1
4.97,3.04,8.22,0.0,1
4.0,4.5,7.64,2.15,1
6.9,1.45,8.24,2.2,1
4.78,4.21,6.55,0.0,0
0.57,1.71,6.39,1.34,1
2.27,3.67,6.1,2.38,1
4.13,0.31,6.85,2.64,1
5.12,2.85,6.49,1.69,1
4.39,0.0,8.45,3.02,1
6.94,2.1,6.43,1.84,1
0.6,3.16,6.04,2.02,1
4.79,1.72,9.33,2.38,1
0.86,0.92,6.46,3.39,0
6.02,3.77,7.18,0.99,1
4.31,2.34,7.54,1.27,1
5.34,1.77,5.64,1.0,0
2.77,2.56,8.48,1.5,0
7.06,6.46,7.76,4.14,1
6.58,4.23,8.87,2.86,1
5.67,4.24,6.18,0.3,1
4.24,3.15,7.12,1.1,0
5.66,2.75,7.05,2.56,1
3.09,0.0,7.32,0.64,1
6.21,1.48,5.25,0.91,1
7.8,1.78,7.13,4.02,1
6.64,0.0,5.29,1.08,1
3.04,0.76,7.43,3.43,0
5.22,0.0,4.45,3.88,1
1.91,2.44,4.78,0.9,1
5.64,3.73,7.98,0.67,0
5.4,4.16,6.34,1.59,1
0.76,3.12,5.81,0.37,0
2.18,1.05,8.53,2.18,0
3.93,0.0,7.39,1.69,1
3.9,0.0,8.05,2.54,1
2.08,0.6,6.8,4.1,0
5.28,1.17,10.0,3.23,1
5.0,2.26,6.27,2.73,1
4.11,0.98,9.09,0.0,0
2.99,3.01,6.93,2.67,1
6.6,2.15,5.01,4.58,1
7.81,2.52,7.58,0.0,1
3.53,4.21,7.38,3.03,0
3.28,0.73,5.74,1.76,0
5.48,3.13,5.89,0.73,1
3.78,2.48,6.97,3.2,0
4.22,2.0,7.42,4.56,1
5.98,3.83,4.04,3.16,1
0.68,3.82,8.26,1.44,0
7.14,1.08,6.41,0.58,1
4.65,2.23,5.4,2.22,1
3.68,2.92,8.13,3.31,0
4.32,2.09,6.97,1.42,1
4.42,3.38,8.46,1.56,1
1.04,2.92,7.53,6.23,0
7.49,5.25,7.0,3.62,1
4.58,0.2,6.82,3.73,1
5.39,2.32,7.58,0.0,1
6.4,1.14,6.5,0.94,1
2.46,3.41,5.98,2.11,0
5.45,0.07,7.73,0.5,0
3.96,3.02,6.83,4.4,1
6.19,1.55,7.04,4.12,1
0.25,1.4,8.31,1.2,0
4.3,0.33,6.86,4.68,1
3.29,1.8,7.02,1.99,1
5.36,4.13,6.28,5.88,1
5.44,2.46,7.52,2.22,1
3.08,3.44,7.42,2.86,0
3.08,5.0,8.08,4.1,0
4.28,2.9,6.31,3.92,0
2.71,1.66,6.45,2.77,1
6.18,3.2,7.95,1.79,1
3.76,1.68,7.3,2.77,1
0.0,1.74,5.91,0.78,0
3.75,0.22,8.57,2.23,1
2.42,3.89,4.96,0.34,0
1.24,1.92,7.94,0.0,1
2.03,2.77,5.48,2.08,0
4.72,0.95,9.26,3.89,1
7.16,3.15,5.15,3.39,0
5.13,1.36,8.38,1.88,1
3.29,2.29,6.9,4.62,1
5.41,3.82,6.56,1.15,1
3.58,3.69,7.22,0.0,1
3.11,2.47,7.76,0.0,0
2.19,0.0,5.91,0.23,1
1.0,6.99,6.02,3.22,0
3.72,5.12,7.78,1.05,1
4.82,3.58,4.95,2.69,1
4.31,1.37,6.3,4.47,0
3.67,2.33,10.0,0.35,1
2.61,1.68,5.84,2.72,1
5.72,4.4,8.38,2.81,1
1.87,2.89,6.3,0.71,0
6.05,1.32,7.61,4.03,1
2.5,1.79,7.79,1.57,0
3.0,4.18,8.35,1.42,0
1.57,4.9,6.76,5.17,0
3.5,4.79,9.39,2.78,0
6.45,3.64,6.29,3.39,1
5.53,2.12,7.28,4.03,1
6.46,0.0,7.29,1.02,1
5.54,2.95,5.65,3.87,1
2.29,2.5,6.66,1.25,0
3.84,2.71,7.19,1.18,1
2.94,2.58,6.48,1.59,0
7.16,0.51,9.93,1.07,1
2.11,3.34,5.99,3.23,1
6.29,3.45,8.42,2.4,1
6.29,3.52,8.03,1.26,1
8.16,3.92,6.98,3.01,1
3.68,3.41,5.96,1.59,0
5.92,1.88,6.08,1.51,0
9.06,2.39,6.38,2.07,1
3.26,2.64,4.86,2.7,0
1.43,2.66,5.8,2.58,0
0.74,4.0,5.22,1.46,0
5.93,3.47,8.62,3.27,1
0.73,5.62,7.74,1.67,0
3.76,5.81,7.94,1.02,0
5.37,2.62,7.71,0.0,1
4.87,0.0,7.2,3.47,1
5.35,4.36,8.75,2.02,0
4.94,1.69,6.27,2.32,1
7.06,1.3,7.13,3.57,1
2.6,1.9,7.9,1.28,0
3.15,1.83,5.41,0.0,1
2.95,3.42,10.0,2.1,1
6.16,0.16,7.03,2.46,1
6.3,0.88,7.17,1.61,1
5.4,3.01,8.51,4.21,0
6.87,3.43,8.1,0.0,1
2.14,3.46,7.05,3.68,0
7.83,1.32,7.16,3.19,1
7.55,1.03,5.2,2.69,1
5.97,1.74,6.33,0.0,1
8.06,2.86,7.62,3.93,1
1.19,4.73,7.53,0.46,0
3.45,0.0,8.47,1.24,1
3.03,2.17,6.86,1.74,1
5.94,0.5,5.34,2.61,0
2.4,0.02,8.27,2.96,1
6.01,3.95,8.72,3.34,1
7.24,3.32,8.08,3.22,1
5.89,3.17,6.8,2.38,1
5.07,3.88,8.25,2.62,0
2.52,1.78,10.0,0.36,0
2.81,1.85,7.14,0.87,0
7.0,5.78,5.43,3.34,1
6.06,2.13,6.3,3.26,1
4.42,3.6,7.75,3.09,1
3.66,2.51,5.07,1.23,0
0.45,0.0,7.2,3.37,0
2.36,0.0,7.46,0.26,1
8.32,1.63,8.84,3.62,1
1.94,4.08,8.57,1.61,0
4.88,3.68,8.04,4.53,1
6.51,3.87,4.4,0.0,1
1.99,1.02,8.11,4.65,0
4.87,4.92,7.85,1.46,1
6.38,1.05,7.31,1.43,1
4.52,2.82,4.92,2.29,1
10.0,2.48,6.07,0.95,1
1.16,2.24,5.6,1.89,1
6.62,4.51,4.58,0.89,0
4.15,1.44,7.0,0.95,1
6.04,0.48,6.04,2.73,1
5.38,2.53,10.0,0.65,1
3.03,1.9,6.8,0.85,1
4.96,7.57,8.55,0.0,0
0.78,3.51,5.12,1.24,0
5.71,1.89,6.36,3.97,0
5.1,0.92,7.12,0.73,1
5.78,0.0,5.91,0.9,1
6.62,0.96,6.49,2.29,1
5.24,2.67,6.74,1.44,0
4.8,4.64,6.72,5.34,1
2.74,4.18,9.23,1.76,0
3.08,2.84,7.45,2.5,1
6.87,2.02,7.58,3.42,1
7.37,2.9,7.65,3.39,1
4.02,1.72,7.74,2.35,1
4.59,5.08,6.9,1.76,0
2.69,2.22,6.62,5.04,0
6.85,2.37,7.2,1.85,1
5.83,0.0,8.39,1.34,1
8.38,2.21,8.35,1.03,1
2.74,3.75,6.71,0.0,0
3.74,0.9,7.92,3.23,0
4.96,1.37,6.77,0.0,1
5.79,3.69,7.04,1.99,1
4.07,0.29,6.43,1.69,0
2.75,4.09,6.78,5.36,0
6.26,1.7,8.61,0.0,1
5.94,1.92,7.11,0.65,1
2.67,0.81,7.16,1.8,0
7.21,3.07,5.26,1.7,1
6.84,6.19,6.63,1.18,1
4.77,3.67,6.71,1.88,1
4.66,1.2,6.01,0.11,1
5.61,4.2,7.03,2.54,0
2.78,2.02,6.48,0.0,0
4.56,4.56,7.1,1.96,0
0.2,3.71,7.15,1.1,0
6.25,0.0,5.85,3.52,1
1.38,0.99,6.52,4.63,1
7.51,3.92,7.09,1.5,1
3.84,2.73,8.42,4.09,0
4.08,0.96,7.31,1.53,1
3.24,1.55,6.21,0.55,0
3.92,0.0,7.48,4.62,0
7.34,2.37,9.05,2.78,1
0.0,5.82,8.1,2.01,0
7.05,3.71,7.66,3.03,1
5.18,5.79,7.87,2.41,0
2.09,3.82,8.73,1.9,1
2.35,4.04,8.29,0.01,0
7.85,5.46,7.68,1.59,1
2.61,3.07,8.28,2.93,1
2.19,2.22,5.7,1.82,0
6.77,4.05,5.2,3.35,1
5.18,4.68,7.19,2.58,0
2.62,1.78,7.08,0.68,1
4.93,1.42,6.35,0.02,1
2.45,2.71,7.99,1.76,1
6.7,3.75,4.76,1.21,0
6.62,3.7,6.36,2.5,1
5.56,0.36,6.42,0.92,1
5.22,5.37,5.04,1.08,1
8.02,1.54,8.79,3.58,1
4.5,2.1,5.37,2.22,0
2.14,1.15,6.29,0.95,0
5.4,6.55,8.09,2.03,1
8.67,2.86,7.78,4.07,1
2.47,1.22,5.67,2.44,0
3.78,3.8,7.82,2.89,1
5.33,3.65,7.35,0.87,1
4.39,2.22,9.8,3.54,1
2.54,3.76,7.48,5.48,0
6.74,1.26,6.83,0.81,1
9.14,1.76,5.97,0.23,1
4.89,0.0,6.11,2.26,1
2.69,0.51,6.01,3.31,1
1.4,5.21,8.65,1.86,0
5.02,4.96,7.02,0.42,0
6.71,2.6,7.68,1.84,0
5.45,4.99,8.82,2.9,0
4.5,2.26,4.17,1.39,1
3.32,2.13,8.53,2.91,1
2.32,2.58,7.07,3.75,0
6.17,2.31,7.52,2.36,1
6.33,2.18,6.01,1.96,1
1.41,4.22,6.09,3.24,0
7.68,2.73,7.59,0.72,1
5.65,3.57,9.86,0.57,1
7.3,4.05,8.2,1.6,1
1.82,3.08,8.52,1.26,0
1.77,1.04,6.77,0.79,0
4.2,0.47,6.28,4.75,1
5.51,2.72,6.06,5.26,0
8.09,2.24,6.41,1.47,1
5.91,2.63,4.54,2.14,1
4.01,2.48,6.13,1.72,1
2.45,6.38,6.33,3.66,0
6.96,0.5,6.79,3.96,0
2.57,0.0,7.16,0.0,1
7.76,3.0,7.43,2.71,1
3.93,1.94,6.98,0.04,1
7.68,2.97,6.3,4.64,1
5.86,3.38,4.64,2.66,1
4.23,4.43,6.31,0.76,0
3.46,0.24,5.83,1.64,1
3.82,1.66,7.56,1.57,1
5.36,3.14,8.09,2.79,1
4.65,3.66,8.13,3.56,1
3.31,5.79,7.91,0.28,1
4.17,3.93,6.84,4.76,0
4.66,2.41,6.37,4.41,0
0.24,1.16,6.1,0.69,1
5.42,1.65,5.19,2.11,1
2.54,1.61,8.19,4.57,1
2.19,3.48,6.79,3.85,0
1.13,2.89,5.5,1.49,0
0.91,0.51,6.01,3.22,0
1.79,1.85,5.96,6.5,0
3.08,3.82,7.05,2.16,1
8.41,3.03,8.28,1.05,1
3.45,3.35,6.58,2.26,1
4.86,3.07,4.3,2.37,0
5.3,4.94,6.77,1.21,1
4.76,2.85,6.81,2.66,0
4.35,1.92,6.73,0.12,1
2.11,1.13,6.25,1.0,1
7.4,2.87,7.26,3.14,1
8.11,0.0,7.08,0.0,1
1.13,2.22,6.97,3.35,0
2.45,2.19,7.5,0.0,1
3.94,0.45,6.48,0.0,1
2.57,1.11,6.42,1.25,1
5.51,3.71,8.66,2.43,0
3.04,2.85,7.67,3.99,0
8.83,2.65,7.99,2.09,1
6.88,2.96,8.47,1.63,1
4.93,2.64,7.63,2.87,1
6.55,4.36,8.11,0.69,1
6.71,2.69,5.1,2.21,1
3.37,0.31,7.24,0.2,1
2.87,4.95,6.78,2.12,0
4.66,3.06,9.01,1.81,1
6.22,1.62,8.11,0.79,1
4.78,0.62,6.24,2.25,0
1.35,3.09,7.45,2.24,0
2.89,2.32,7.2,3.76,1
4.35,4.86,7.55,0.0,1
4.35,1.98,5.78,1.89,1
8.45,1.24,7.43,0.86,1
1.73,3.84,6.73,3.3,1
5.51,3.89,7.34,3.13,0
7.48,2.75,6.13,2.76,1
9.04,3.51,6.3,0.94,1
3.69,2.44,8.41,3.33,1
5.48,2.85,5.74,0.0,1
5.64,4.25,5.83,0.0,0
4.89,3.44,6.94,0.09,1
4.3,2.25,6.07,1.95,1
5.37,4.53,5.94,3.01,0
0.0,0.0,7.13,0.0,0
5.86,5.58,5.19,3.98,0
4.75,0.0,5.79,2.2,0
4.06,1.56,9.46,0.0,1
8.59,2.44,7.55,2.15,1
3.15,2.28,6.1,3.64,0
3.69,4.01,7.5,2.9,1
8.48,0.91,7.68,3.65,1
2.84,2.89,8.19,0.0,0
3.4,1.63,6.85,1.38,1
4.21,2.94,8.17,0.61,0
6.18,2.4,4.55,4.58,1
4.92,2.64,5.73,2.96,0
1.91,1.68,7.2,6.27,0
3.44,1.73,7.4,1.3,0
3.29,2.93,5.91,0.91,0
4.35,3.92,7.31,1.79,1
5.35,1.6,6.25,4.07,1
5.34,1.2,6.67,1.45,0
0.95,3.42,8.23,2.19,1
6.63,2.45,8.09,2.15,1
5.01,3.75,5.8,2.06,1
7.27,1.14,5.73,1.02,1
5.39,0.0,6.51,1.79,1
6.7,1.7,6.97,1.73,1
5.43,1.35,6.21,1.99,0
7.19,2.38,8.25,3.42,1
5.54,1.54,7.42,4.64,1
4.3,3.61,7.49,0.74,0
9.04,2.07,5.48,1.41,0
6.28,2.73,8.4,0.76,0
5.65,2.74,3.62,2.28,0
1.95,2.79,8.0,1.19,1
1.92,2.46,8.12,2.36,1
5.09,3.27,6.48,3.66,0
4.79,1.31,8.53,0.0,1
3.27,4.6,6.92,2.74,0
4.78,2.15,7.07,1.31,1
7.68,0.53,7.41,2.69,1
5.89,2.78,10.0,0.66,1
2.22,1.22,8.61,3.79,0
4.28,3.5,7.84,3.37,1
2.89,5.81,5.9,2.85,0
3.72,1.32,7.17,3.19,1
3.67,3.0,6.02,0.88,0
3.54,0.0,7.99,1.07,1
1.99,3.18,7.17,3.13,0
4.24,1.17,5.65,0.85,1
3.38,1.56,7.1,4.17,0
0.0,0.85,5.98,1.51,1
8.61,3.6,7.18,2.75,1
6.68,4.01,5.97,5.15,0
3.75,2.54,7.03,0.94,1
4.54,1.2,7.9,2.1,1
2.16,4.88,6.94,3.58,0
7.89,1.37,6.53,3.43,1
8.29,0.0,7.24,1.51,1
4.81,3.19,7.84,1.22,1
6.55,0.84,5.67,1.65,1
4.85,3.98,7.31,4.17,0
1.83,1.93,8.58,1.58,1
3.68,3.41,7.69,2.12,1
4.76,4.6,7.07,1.36,0
3.59,0.69,7.77,3.06,1
4.06,1.65,7.54,2.23,0
4.32,2.39,7.9,0.49,1
4.34,4.81,4.57,0.55,0
4.6,1.51,5.14,0.0,0
2.38,1.61,8.21,0.75,1
3.07,3.22,5.19,3.19,1
1.93,1.63,7.48,3.99,0
6.46,2.73,6.58,3.03,1
0.29,0.17,5.8,2.83,0
6.81,5.82,7.42,1.81,1
7.27,0.48,7.24,3.16,1
3.9,2.02,9.53,2.43,1
0.0,2.45,6.25,4.71,0
3.78,5.37,8.73,1.85,0
4.37,0.51,7.42,4.01,1
2.48,5.48,6.21,3.31,0
3.47,3.64,7.96,3.1,1
7.56,3.13,7.68,0.0,1
5.83,1.02,7.04,3.39,1
2.65,3.36,7.32,1.81,1
1.3,1.41,6.28,1.33,0
3.85,4.4,6.01,0.0,1
4.07,1.04,7.91,1.99,0
5.49,2.33,6.73,2.05,1
3.43,1.67,6.9,0.05,0
5.52,1.02,7.34,0.0,1
8.37,3.61,7.32,2.73,0
6.13,3.3,5.28,3.31,0
4.4,4.31,8.54,2.29,1
4.13,0.0,7.15,3.73,1
3.79,4.1,6.76,1.87,1
6.86,6.26,7.52,1.92,1
3.25,1.82,7.28,0.62,1
4.59,5.34,7.92,0.0,1
4.6,2.11,7.65,4.78,0
3.5,0.44,7.86,3.7,1
1.76,2.04,8.62,0.0,1
5.15,4.07,8.06,2.23,1
4.38,1.24,6.81,1.85,1
5.5,1.6,5.65,1.59,0
3.43,3.39,9.0,1.39,0
6.94,2.5,6.71,2.57,1
2.75,3.38,6.43,3.23,1
7.92,2.86,4.92,2.6,0
1.0,3.22,7.41,1.82,0
5.37,1.85,7.18,1.76,0
5.45,2.85,5.18,3.41,1
2.91,1.11,7.54,2.7,1
5.35,4.43,6.4,2.11,0
7.06,1.55,10.0,1.95,1
0.07,4.19,6.32,2.52,0
5.51,2.15,6.48,1.3,1
0.0,2.8,5.95,3.23,0
2.57,1.76,8.53,0.39,1
7.76,0.98,6.55,1.38,1
3.34,0.0,6.13,2.92,1
2.15,0.92,7.85,0.3,0
4.1,2.01,5.34,0.0,1
8.64,2.82,7.75,2.09,1
0.84,4.02,9.14,0.0,0
2.4,1.83,7.68,0.05,1
7.49,1.18,7.77,3.13,1
8.22,0.34,8.04,1.69,1
4.29,3.22,9.05,3.93,0
2.02,4.57,8.45,0.19,0
8.69,4.4,7.53,1.86,1
7.69,3.56,8.08,2.6,1
5.86,3.46,5.94,0.24,1
2.88,5.05,7.93,3.55,1
4.4,3.0,5.79,2.77,1
4.18,3.47,6.56,0.0,0
5.16,2.02,3.3,1.94,1
7.4,0.46,7.48,2.58,1
6.26,1.47,6.23,1.11,1
2.35,2.49,8.33,0.0,1
7.25,2.59,7.47,2.42,1
5.13,5.39,8.35,5.32,0
5.87,2.62,5.7,1.42,1
7.43,4.27,8.25,4.35,1
2.28,1.85,9.53,0.87,1
4.43,2.03,7.92,2.32,0
3.44,0.51,7.95,3.16,0
1.36,1.39,7.2,1.99,0
5.19,3.29,6.37,1.55,1
9.52,2.51,7.91,3.09,1
0.82,3.91,5.19,4.84,0
4.44,2.77,6.5,2.45,1
5.78,1.97,4.87,1.23,1
4.75,5.72,6.16,1.72,1
4.27,2.36,7.77,5.78,0
1.9,4.24,7.61,2.2,1
4.97,1.9,7.06,1.11,1
2.99,3.56,7.2,0.28,0
0.12,3.89,4.74,0.0,0
6.89,2.81,6.55,2.55,1
6.42,0.0,6.18,2.98,1
4.6,2.53,6.21,1.4,1
4.96,4.35,7.72,1.98,1
6.65,3.29,5.97,0.24,1
4.95,3.17,6.27,2.2,0
6.31,0.0,4.5,2.72,1
3.91,1.42,6.65,1.2,1
7.12,3.12,5.69,4.54,1
5.14,3.12,7.1,0.74,1
4.89,4.32,5.86,2.43,1
1.96,2.28,7.13,3.27,1
5.07,3.11,6.83,1.88,0
2.84,2.52,9.01,1.72,0
3.22,1.02,7.6,0.0,1
2.87,0.0,4.79,4.04,0
2.37,3.15,5.48,1.75,0
8.75,2.76,7.07,2.81,1
7.16,1.57,5.88,3.01,1
8.34,0.07,3.44,1.06,1
2.05,3.44,8.62,1.7,1
4.64,2.1,7.86,4.0,1
1.91,3.34,7.63,0.32,1
3.11,5.3,6.27,5.19,0
2.66,0.0,7.51,0.88,0
6.98,1.45,6.15,0.23,1
3.71,2.19,7.25,2.2,0
6.64,4.68,5.9,5.31,1
5.71,0.05,8.82,0.0,1
9.11,5.4,5.12,1.79,1
1.54,2.7,8.48,2.71,0
7.02,2.36,7.05,2.05,1
6.79,2.2,6.41,2.57,0
2.55,1.85,7.2,0.92,1
6.51,4.07,7.88,1.1,1
5.17,0.9,8.64,1.78,1
4.05,3.02,7.38,0.31,0
2.85,1.92,5.93,1.93,1
3.06,1.36,7.07,1.42,1
8.6,6.38,9.18,1.29,1
4.5,3.13,8.62,2.48,1
6.06,3.42,8.09,0.0,1
2.92,4.21,7.95,1.66,0
2.94,0.37,7.84,5.48,0
6.66,5.13,8.39,0.37,1
1.8,0.0,6.45,3.93,1
3.67,1.35,5.37,2.08,1
4.57,1.81,7.08,1.1,0
4.72,3.37,6.02,0.02,0
4.14,2.83,5.73,2.21,0
5.29,2.25,6.14,4.18,1
5.89,2.48,9.98,1.42,1
5.97,1.03,7.16,1.88,1
2.53,0.25,7.43,3.52,0
3.93,3.59,5.53,2.51,0
6.89,3.54,4.79,0.0,1
6.29,4.88,6.02,2.15,1
1.75,1.31,8.73,4.27,0
5.2,3.54,7.4,1.94,1
0.54,2.07,7.72,0.0,1
4.59,4.29,7.89,2.58,0
8.3,4.03,6.29,1.7,1
2.6,2.82,8.67,0.0,0
2.83,1.99,6.24,0.0,1
6.03,3.94,8.69,3.46,1
1.41,3.47,7.53,0.9,0
3.23,1.47,4.85,0.64,1
5.69,0.51,6.1,1.95,1
3.23,2.07,4.86,1.03,0
4.03,4.77,8.4,2.15,1
5.99,4.22,6.97,1.7,1
5.34,0.83,4.33,0.2,1
5.03,0.75,7.45,1.23,1
3.82,4.41,6.36,2.66,0
5.24,0.8,5.22,2.06,0
4.25,3.26,9.01,1.88,1
5.42,1.58,7.13,4.91,1
3.51,4.93,6.65,3.1,0
4.13,1.34,6.52,3.28,1
2.52,4.22,5.18,1.75,0
4.43,2.78,5.43,2.33,0
2.88,2.88,8.54,1.35,1
2.27,0.0,6.43,3.17,1
5.02,0.0,7.03,1.83,1
4.93,2.17,4.55,2.33,1
6.07,2.87,5.42,2.24,1
3.64,0.81,7.73,1.97,0
5.32,0.87,7.45,6.41,0
5.6,3.34,9.1,1.0,1
5.39,3.34,8.61,0.99,0
2.85,2.29,6.72,3.04,0
4.8,3.67,7.57,1.11,1
5.23,0.74,6.62,1.56,1
4.51,1.97,9.47,0.37,1
0.33,4.97,8.38,2.74,0
4.82,2.6,7.2,2.76,1
8.93,2.69,7.24,1.53,1
3.78,5.96,8.73,3.07,0
3.04,0.4,7.7,0.0,1
5.25,3.69,8.87,0.94,1
5.12,5.0,4.37,1.75,1
6.89,2.01,7.55,0.24,1
1.98,3.79,6.38,0.0,0
5.96,1.03,9.11,1.54,1
5.68,1.47,8.86,3.04,1
4.22,3.08,7.04,3.92,1
5.18,3.7,8.84,1.18,0
6.56,4.18,9.14,3.1,1
6.24,4.85,7.09,2.95,1
2.21,2.4,9.97,3.83,1
6.14,4.29,6.96,1.47,1
4.37,1.99,6.74,0.0,1
4.65,3.85,8.04,2.11,1
4.65,2.81,6.58,0.48,1
4.2,3.17,7.1,0.91,1
6.88,3.14,8.69,1.55,1
4.33,0.09,7.02,1.49,0
2.26,0.81,4.97,2.21,0
3.71,2.65,7.44,3.05,1
4.86,0.0,6.16,1.45,1
6.96,3.75,8.04,2.59,1
5.71,3.81,7.84,2.02,1
2.8,2.99,8.77,3.4,0
9.47,0.82,8.09,1.72,1
5.03,4.57,8.31,1.88,1
7.05,5.56,6.2,1.44,1
4.2,2.72,7.96,1.76,1
5.57,3.27,9.36,0.82,1
6.18,2.8,6.17,0.68,1
6.94,3.3,9.16,3.16,1
6.61,2.32,6.34,0.38,0
6.24,2.45,5.98,1.52,1
3.87,3.86,7.36,3.52,0
3.36,6.02,7.86,1.47,0
5.17,0.4,8.09,3.24,1
6.37,2.34,5.85,1.11,1
4.05,0.73,7.52,0.42,1
6.63,4.89,6.18,0.0,1
7.41,1.62,5.21,3.97,1
2.67,0.34,5.89,0.29,1
2.83,3.46,6.1,3.12,0
4.22,5.12,7.63,0.5,0
5.12,3.5,8.38,3.98,0
3.45,2.81,5.23,5.31,0
7.2,3.11,7.42,0.0,1
5.35,4.62,5.59,0.37,0
4.58,1.19,7.75,3.16,1
1.63,2.33,6.25,2.77,1
1.87,1.82,5.74,3.17,0
5.06,0.75,7.96,1.14,0
0.23,2.01,6.3,4.98,0
6.53,4.16,6.62,2.18,1
4.18,3.35,4.34,0.17,1
10.0,3.47,8.14,1.62,1
9.12,2.72,7.99,0.19,1
4.14,3.28,7.01,4.39,0
4.29,1.3,5.17,1.01,0
6.49,2.04,8.45,2.74,1
7.91,2.79,6.2,1.29,1
1.22,2.92,6.46,1.08,0
0.93,2.98,9.77,0.0,0
3.26,2.29,6.16,2.9,1
5.67,1.93,7.89,3.95,1
5.49,7.24,7.67,0.63,0
6.64,3.86,7.47,0.0,1
2.1,3.12,7.34,3.2,0
0.0,2.15,7.45,0.0,0
6.22,1.82,7.33,3.83,0
2.84,2.3,6.94,0.64,1
0.46,2.94,8.81,0.35,0
4.79,0.0,5.42,2.37,0
6.09,0.15,8.23,0.44,1
4.26,1.54,7.99,0.94,1
3.58,2.81,7.84,2.53,1
4.18,2.14,8.34,0.0,1
3.76,4.72,6.89,4.46,1
1.8,0.28,4.76,2.07,1
3.07,1.37,6.91,0.06,1
5.54,4.78,5.81,0.47,1
5.14,2.7,6.12,3.49,0
4.84,3.83,5.51,2.9,1
2.51,5.58,6.43,4.08,0
4.14,1.46,6.28,0.98,1
0.15,2.35,4.15,2.44,0
4.86,2.09,7.84,2.64,1
7.36,0.0,9.66,3.04,1
1.55,2.03,7.73,3.69,0
3.33,3.82,6.76,0.92,1
5.16,3.31,6.93,1.83,0
7.01,3.43,6.49,1.08,1
3.6,1.94,7.11,1.92,1
3.12,1.52,6.96,3.05,1
0.56,4.4,5.99,0.0,1
4.71,1.75,9.02,3.66,0
8.58,2.94,5.22,0.29,0
5.05,2.75,7.86,1.54,0
4.46,4.69,6.88,3.87,0
5.14,3.96,9.28,2.49,0
4.48,0.56,7.41,2.51,1
2.87,0.72,6.57,0.23,0
6.15,3.37,6.7,0.43,1
4.95,2.4,7.05,3.41,1
4.54,1.82,5.63,1.12,1
2.55,4.02,6.08,1.26,0
7.11,2.78,4.86,3.45,1
5.83,2.58,5.89,0.43,1
3.39,3.67,7.11,2.4,0
6.5,1.94,7.36,2.06,1
3.5,4.85,4.62,2.0,0
2.94,1.32,6.84,1.22,1
2.98,3.49,7.68,1.13,0
0.96,4.65,6.8,0.38,0
5.44,0.43,6.24,2.72,1
0.84,1.98,6.51,1.0,0
2.04,4.21,6.35,3.45,0
0.35,4.24,6.24,1.66,0
4.33,2.24,7.21,0.41,1
4.2,1.4,9.77,1.64,1
3.85,3.93,6.11,1.38,0
2.41,4.28,6.62,3.51,0
2.16,0.75,6.94,1.45,0
5.43,0.69,6.18,1.59,1
3.4,2.84,8.32,4.12,0
5.13,3.44,4.15,2.76,0
2.73,2.05,6.36,4.49,0
4.86,3.52,7.98,3.89,0
7.11,1.43,6.65,0.67,1
5.67,0.0,6.01,3.48,1
3.68,1.86,7.53,4.29,1
5.01,2.59,8.09,4.3,1
4.02,2.09,7.25,3.48,0
4.52,0.76,6.04,3.45,1
3.85,0.0,7.55,1.55,1
4.17,1.73,6.52,0.74,1
4.92,3.85,7.89,1.47,1
2.51,4.38,8.78,0.0,0
2.47,4.28,3.87,4.01,0
1.72,1.28,7.13,1.58,1
1.3,0.77,4.92,3.94,0
2.07,3.24,9.93,0.15,1
4.82,3.45,6.44,3.62,1
2.71,3.1,7.9,1.26,0
5.53,0.0,6.96,0.07,1
4.57,1.2,6.04,4.44,1
0.56,2.46,5.89,3.66,0
5.81,3.23,8.9,2.32,1
6.12,3.65,8.15,2.05,1
2.51,2.72,9.33,2.66,1
5.34,3.0,7.07,2.29,1
2.79,2.63,7.35,0.81,1
4.7,3.53,6.68,1.38,0
1.97,2.97,6.66,4.94,0
0.91,2.6,5.75,6.01,0
3.73,2.1,7.1,4.34,0
4.25,2.62,6.05,2.72,1
3.7,3.23,7.53,1.49,1
2.13,2.9,7.2,0.8,0
3.7,3.07,7.35,0.9,1
5.04,4.51,9.01,1.17,1
4.41,2.9,6.95,5.23,0
4.87,1.53,7.91,4.71,1
3.16,3.83,9.46,3.12,1
6.84,0.45,8.57,0.56,1
2.15,0.88,8.38,3.34,0
5.48,3.0,6.63,1.64,0
6.86,3.27,7.28,0.0,1
5.46,0.63,5.42,2.43,1
4.09,1.93,7.6,0.74,1
3.44,1.59,7.33,0.79,1
6.57,1.77,7.03,1.62,1
1.65,3.92,8.23,1.25,0
2.56,3.56,5.55,1.95,1
3.7,2.47,8.96,1.88,1
6.98,1.68,8.08,0.0,1
5.26,0.48,6.92,4.28,0
2.56,4.63,6.82,0.52,0
3.88,3.39,7.58,0.57,0
3.27,1.44,8.83,1.51,1
3.08,3.58,7.12,1.84,1
6.46,2.39,7.17,4.19,1
1.76,2.07,7.02,2.4,0
7.72,3.15,9.14,2.85,1
6.16,1.39,6.56,2.41,1
6.68,1.98,6.96,2.35,1
3.57,2.68,8.76,2.46,1
4.2,1.75,7.18,0.0,1
1.63,3.5,8.36,1.63,1
3.45,5.3,5.91,3.74,0
5.49,1.37,6.75,7.91,1
7.09,0.0,8.78,0.19,1
2.29,0.0,6.19,2.63,0
3.77,2.27,6.82,1.14,1
4.2,1.51,7.31,5.07,0
1.71,2.81,5.81,0.0,1
5.68,2.7,6.5,2.94,1
3.05,0.1,7.14,0.0,1
4.11,0.0,7.06,1.52,0
3.6,2.94,8.54,1.95,1
2.92,2.7,8.85,3.6,1
4.49,1.86,5.97,0.38,1
4.07,0.01,7.13,3.0,1
3.76,3.21,7.81,2.03,1
3.04,4.41,8.82,2.41,1
5.14,2.92,7.86,3.44,1
7.81,1.23,7.35,0.08,1
4.78,2.57,7.8,3.22,0
6.49,0.45,7.81,1.15,1
1.72,4.09,5.89,3.64,1
4.82,2.62,7.23,2.5,0
2.31,0.0,8.75,1.69,1
1.55,2.05,6.75,1.11,1
3.02,3.19,7.16,3.23,1
6.88,2.0,6.71,3.89,1
6.4,2.09,4.22,1.2,1
4.99,0.66,7.02,0.3,0
1.43,3.35,7.36,3.04,1
4.11,1.53,6.39,0.0,1
5.1,0.0,5.61,0.04,0
4.85,1.94,5.94,0.41,0
0.81,3.97,7.92,1.38,1
2.72,1.92,9.37,0.0,1
4.37,5.11,8.66,0.0,1
5.57,3.14,5.39,0.3,1
0.11,3.01,8.03,2.96,0
4.18,2.31,6.2,0.09,1
4.79,2.4,6.3,1.49,1
6.2,2.1,6.45,4.92,1
5.89,2.05,7.85,1.93,1
5.67,3.3,8.15,2.51,1
2.9,1.1,6.88,0.58,0
0.68,0.89,6.9,5.25,0
3.71,0.82,7.56,1.19,1
6.5,5.57,7.68,1.66,1
7.29,3.3,8.41,3.98,1
5.92,2.96,5.46,1.73,1
5.36,0.91,7.02,2.07,1
5.26,3.44,5.72,1.58,1
3.39,2.33,6.94,1.59,1
4.24,2.82,6.73,2.56,0
7.84,1.04,6.94,2.83,1
2.61,2.74,6.04,1.04,0
7.73,1.86,5.22,0.85,1
3.86,1.35,4.49,1.09,0
7.15,3.6,6.84,0.0,1
1.69,0.19,6.48,0.0,1
5.67,3.35,6.19,2.45,0
3.03,3.53,8.59,3.41,1
1.67,1.18,5.97,3.31,1
4.94,1.27,8.7,0.0,1
6.52,2.17,8.95,1.63,1
2.81,2.92,4.66,0.35,1
1.5,2.27,7.11,2.22,0
4.32,3.15,6.52,1.37,1
4.33,5.14,3.51,2.89,1
5.6,1.74,5.27,1.97,1
6.4,0.0,7.93,0.0,1
4.38,3.74,9.42,0.55,0
8.21,5.02,8.08,2.01,1
4.95,3.09,7.39,2.14,1
3.81,0.87,6.97,0.0,1
1.28,2.31,9.02,0.0,1
3.97,0.82,9.58,2.08,1
3.83,3.46,6.3,0.0,1
6.42,0.47,4.6,0.0,1
5.42,2.05,4.48,1.33,1
2.14,0.99,8.59,1.27,1
4.84,2.69,6.94,0.68,1
5.84,1.95,7.22,0.94,1
7.56,2.77,4.85,2.02,1
6.28,2.53,6.1,0.92,1
6.02,1.02,6.65,2.11,1
4.62,3.44,7.25,1.43,0
5.28,2.43,6.52,2.25,1
7.0,1.02,5.76,3.32,1
1.83,5.86,6.06,3.26,0
3.8,3.21,8.45,3.93,0
2.95,2.27,7.29,3.26,1
5.26,4.62,7.73,2.36,1
6.96,5.26,5.92,1.35,1
3.31,2.28,3.46,1.42,0
0.0,3.02,6.37,0.68,0
3.68,1.02,5.96,2.01,1
6.33,2.28,7.42,3.05,1
5.58,2.2,10.0,0.91,1
5.36,2.78,7.83,1.94,1
3.94,3.0,10.0,0.98,1
1.94,3.34,7.68,2.31,0
5.53,2.86,6.24,1.18,1
2.83,0.68,7.42,0.89,1
8.87,1.09,9.14,0.98,1
5.64,1.68,9.2,2.75,1
3.34,2.08,6.31,1.85,0
3.28,4.08,7.3,1.36,0
4.31,0.76,5.28,2.39,0
4.02,1.96,7.99,1.38,1
6.73,3.93,8.86,3.69,1
4.87,2.05,7.05,0.54,1
3.04,3.19,6.2,1.72,0
8.28,2.29,7.43,0.0,1
4.6,2.89,7.5,1.48,1
6.04,2.16,7.1,0.0,1
3.28,3.5,7.21,3.12,0
5.23,0.18,6.79,3.15,1
5.12,1.96,8.2,3.18,1
0.72,2.94,7.88,2.04,0
8.53,3.3,5.82,0.68,1
7.08,4.74,5.79,0.8,1
3.71,1.91,6.69,4.3,1
2.3,4.72,7.88,4.15,1
5.2,1.51,7.18,2.18,1
4.67,4.49,6.23,1.23,0
5.21,3.73,7.31,4.05,0
4.88,1.13,6.6,0.96,1
5.51,2.96,8.06,2.34,1
7.39,2.42,7.4,4.03,1
5.64,3.44,6.62,0.75,1
2.4,2.17,7.28,3.24,0
7.23,2.04,8.58,2.78,1
7.78,4.55,6.32,1.94,0
10.0,2.35,7.48,0.51,1
2.25,3.74,6.92,0.91,1
4.99,2.16,7.51,2.43,1
0.34,5.0,6.21,0.0,0
5.61,1.48,7.13,2.2,1
3.4,1.58,8.33,2.81,1
8.35,4.79,5.88,3.48,1
2.95,1.83,5.4,0.0,0
1.12,4.9,5.45,3.97,0
3.56,3.84,5.6,4.54,1
0.55,2.27,7.71,2.62,1
6.0,0.0,5.31,0.44,1
0.37,2.47,6.64,1.51,1
4.56,2.65,7.74,1.93,0
0.34,4.25,7.5,2.41,0
3.86,4.88,6.54,2.03,1
7.79,1.47,7.23,2.42,1
5.22,3.7,7.13,1.86,1
2.77,3.65,6.73,2.4,0
4.44,4.11,6.75,1.31,1
4.54,3.25,9.68,1.49,1
5.45,0.0,7.97,1.14,1
1.77,2.27,9.98,4.88,1
5.69,0.77,6.4,4.2,0
0.0,2.2,6.9,2.83,0
3.24,3.97,5.4,3.99,0
3.52,2.96,6.03,3.2,0
5.77,4.22,9.28,2.27,0
4.55,3.01,6.37,0.0,1
1.69,0.55,9.3,1.61,1
2.53,0.0,5.51,1.5,1
4.9,2.72,5.74,0.3,1
4.34,2.18,6.59,0.0,1
3.34,1.03,6.92,2.74,0
3.54,0.0,8.11,2.49,1
5.89,1.4,7.54,0.25,1
3.46,2.21,6.5,0.88,1
4.32,3.5,6.84,3.74,0
8.84,2.78,6.62,0.68,1
1.65,4.91,5.9,2.26,0
0.8,0.95,5.93,1.72,0
6.07,3.82,8.23,2.76,1
3.14,2.57,4.81,0.72,1
3.86,3.54,8.94,2.14,1
2.94,1.85,6.59,2.25,1
3.98,4.11,6.07,2.35,0
7.7,2.94,7.89,2.12,0
6.1,1.48,8.78,2.52,0
6.22,2.48,8.34,5.29,1
1.67,2.14,7.6,5.84,0
2.2,3.23,8.3,1.04,1
0.0,0.73,4.94,0.0,0
2.88,2.46,6.37,2.89,1
6.41,3.09,5.91,2.28,1
5.53,2.55,8.47,3.59,1
4.06,4.52,6.54,2.43,1
4.46,3.66,8.01,2.09,1
3.12,2.49,7.64,3.69,0
4.91,2.83,5.97,3.9,0
6.03,2.94,6.3,0.0,1
1.27,3.1,8.55,0.78,1
5.1,0.0,6.07,1.84,1
6.36,2.05,7.15,2.15,1
3.67,0.27,6.06,1.66,1
5.9,4.42,6.62,2.65,1
10.0,2.41,6.94,3.49,1
4.29,2.21,6.06,4.58,1
5.29,3.85,5.85,2.87,1
3.02,3.13,7.34,0.72,0
4.86,0.81,5.99,1.78,0
5.42,2.39,6.03,1.89,1
4.89,2.0,5.87,2.77,1
2.46,0.0,6.91,2.58,1
4.91,1.46,8.13,5.08,1
7.42,2.22,8.81,1.31,1
5.4,2.33,6.13,2.58,0
6.42,0.28,9.58,5.53,1
4.03,4.23,5.79,1.12,0
6.0,2.35,8.3,2.22,1
5.06,2.56,6.13,0.58,0
2.6,3.1,5.95,2.12,0
5.14,1.32,6.11,0.83,1
2.52,3.18,6.94,3.57,0
3.23,1.95,7.7,2.22,1
4.88,1.16,7.8,0.6,1
5.09,3.36,5.87,3.26,1
2.12,4.74,5.81,2.27,0
6.61,3.59,5.9,3.43,1
5.64,3.88,6.87,0.28,1
3.09,1.72,6.75,2.55,1
1.42,0.1,5.86,3.16,0
4.21,4.74,7.32,1.36,0
3.61,5.58,9.72,0.11,1
4.73,4.81,6.39,1.94,1
3.77,2.0,6.48,3.84,1
0.49,0.77,7.67,3.69,0
3.72,0.9,6.33,1.36,1
3.89,0.0,7.8,0.08,1
5.77,2.34,6.14,1.35,1
3.1,4.91,9.2,1.3,0
7.86,2.29,7.41,2.67,1
0.68,2.95,6.26,1.84,0
7.12,4.56,6.29,0.87,1
4.05,1.89,6.38,3.66,1
6.22,5.55,8.65,2.21,1
4.66,5.49,5.48,2.65,1
6.78,2.3,6.2,0.0,1
3.73,1.63,6.33,0.0,1
2.3,3.55,6.98,0.0,1
7.34,1.98,6.67,1.28,1
4.27,0.77,5.21,2.86,1
4.94,4.42,6.52,0.0,1
6.97,4.32,6.88,4.39,1
2.44,2.73,6.25,2.26,1
5.69,0.61,7.82,4.04,1
3.32,0.66,8.1,0.67,0
4.24,2.66,6.91,2.76,1
4.64,1.75,7.28,2.13,1
1.5,1.99,4.41,3.23,0
2.94,4.03,6.49,1.65,0
7.2,3.6,8.21,2.71,1
6.27,4.57,6.49,3.65,0
4.37,1.01,6.12,1.02,1
4.99,1.99,9.73,2.36,1
3.91,3.64,9.18,0.0,1
7.21,3.17,7.56,3.05,1
4.1,4.8,8.37,4.93,0
4.96,3.13,4.33,0.13,0
6.79,5.27,6.05,1.86,1
2.95,3.31,6.44,3.32,1
7.62,4.09,6.72,2.05,1
1.44,2.01,6.41,2.25,0
7.76,2.52,3.94,1.41,1
3.75,3.87,7.46,1.36,1
4.01,4.92,7.65,1.87,0
0.72,3.59,8.92,2.06,0
3.59,2.38,6.05,0.23,1
2.42,4.57,5.96,1.9,0
3.28,0.0,3.78,4.35,1
4.23,0.37,6.65,1.37,1
6.42,3.52,8.08,0.14,1
4.92,2.52,6.27,1.77,1
5.12,3.41,9.57,0.93,1
2.31,2.6,6.69,0.0,1
2.74,3.36,7.18,2.21,0
8.1,1.28,5.36,0.93,1
3.03,3.36,7.34,1.06,1
7.81,3.99,4.62,2.23,1
4.01,4.33,7.83,0.0,1
4.5,5.52,7.87,0.0,1
6.64,2.87,8.63,3.01,1
7.04,2.91,5.78,0.0,1
4.28,0.22,7.19,0.53,0
3.72,1.7,7.68,0.0,1
4.39,2.21,7.53,1.27,0
5.18,4.08,5.96,2.64,1
6.28,1.58,4.13,2.17,0
4.51,3.69,7.42,5.59,0
5.74,2.5,6.82,3.63,1
7.78,2.23,6.32,0.6,1
5.26,2.87,7.92,0.2,1
5.12,1.91,6.95,6.06,1
1.46,1.86,5.42,3.59,0
0.0,0.0,4.68,2.88,0
5.28,2.13,5.65,2.11,1
4.31,1.78,9.87,2.41,1
3.47,1.73,7.87,0.0,0
4.99,3.13,7.23,2.24,0
4.38,3.49,6.78,2.11,1
6.76,2.85,6.7,0.64,1
4.67,3.99,8.4,1.19,0
3.01,3.36,6.41,4.27,0
6.48,2.06,7.69,1.81,0
4.07,1.81,6.58,5.11,0
5.55,2.97,9.33,0.0,1
3.55,3.36,7.89,1.22,1
3.2,4.6,8.49,0.0,1
4.67,4.29,6.3,0.19,1
4.53,1.69,8.27,0.76,1
5.46,2.35,6.62,2.47,0
3.96,3.51,7.13,2.4,0
0.83,4.1,8.96,0.98,0
3.63,3.91,5.75,0.0,0
6.09,2.4,7.24,4.22,1
3.91,0.62,7.53,1.57,1
4.01,1.0,7.62,0.33,1
6.47,2.91,6.46,2.41,0
3.08,3.01,9.5,2.31,1
1.41,0.85,5.45,1.52,0
4.18,2.57,8.75,2.22,1
3.53,3.45,8.46,0.27,1
2.57,0.77,9.28,3.14,1
4.15,4.16,5.09,0.5,1
5.48,1.93,5.96,1.09,0
4.48,4.39,8.79,2.97,1
5.11,1.7,4.75,3.81,0
8.13,0.96,5.07,4.38,1
3.81,1.81,6.41,3.58,0
5.06,2.36,7.23,1.51,1
3.48,1.92,8.91,0.0,0
2.81,2.18,6.78,4.11,0
3.33,3.0,6.27,4.06,0
3.54,2.24,7.37,0.99,0
5.22,2.4,7.56,3.38,1
9.2,0.0,7.53,1.5,1
3.07,3.09,6.79,4.25,1
3.67,2.37,4.65,1.23,0
4.37,4.92,5.9,4.97,0
5.29,1.09,8.7,3.18,0
5.03,0.0,7.22,4.7,1
7.07,3.43,6.61,1.3,1
0.0,3.02,8.34,2.61,0
0.0,0.99,5.64,0.55,1
3.51,0.21,6.73,3.27,1
6.69,4.81,7.17,3.35,1
1.37,4.62,6.47,5.6,0
0.0,0.0,7.12,2.72,0
5.64,1.81,6.77,3.09,1
4.99,5.0,5.32,1.29,1
2.32,1.79,7.22,2.81,0
2.53,1.76,5.41,1.43,0
2.56,2.08,7.2,2.17,0
4.72,0.82,8.65,2.26,1
3.25,0.0,6.66,1.47,1
5.49,4.08,5.59,2.09,0
0.0,0.0,6.85,1.44,0
2.79,2.87,6.0,1.43,0
2.25,3.83,7.71,3.61,1
3.99,0.32,6.82,2.26,1
3.42,1.11,9.05,2.52,0
6.1,4.32,8.4,0.0,1
0.78,3.3,6.82,2.64,0
4.59,1.57,7.86,2.8,1
5.62,4.3,6.53,1.4,0
8.21,4.31,7.04,5.13,1
3.54,2.9,6.57,0.0,0
5.15,1.15,7.92,3.18,1
0.89,1.88,8.72,3.07,0
0.0,2.93,7.96,2.81,0
6.19,2.22,8.11,2.26,1
4.49,3.91,8.11,2.83,1
6.86,0.21,7.66,3.3,1
1.75,0.26,5.63,0.91,0
5.54,2.77,9.04,2.45,1
8.24,1.76,9.17,1.73,1
5.34,1.56,6.72,0.36,1
5.05,0.0,6.56,3.08,1
4.52,2.53,7.73,1.15,1
1.36,2.42,7.66,0.0,0
7.21,3.48,6.76,1.19,1
3.28,2.6,5.5,0.8,1
5.51,2.3,7.37,3.54,1
1.37,4.27,7.66,2.23,0
2.14,0.53,7.87,4.07,0
7.37,3.3,7.42,1.0,1
3.81,0.0,6.67,3.31,1
7.41,1.24,8.19,6.26,1
4.34,0.68,7.08,2.53,1
0.82,3.67,6.44,3.29,0
6.28,2.4,6.78,3.04,1
3.32,2.48,4.9,0.0,1
5.9,0.84,6.78,2.88,1
4.55,2.05,7.83,2.46,1
1.41,1.35,7.41,1.61,0
4.83,3.08,8.82,0.67,1
8.89,1.01,6.68,3.04,1
5.49,4.49,7.58,0.54,1
4.38,0.0,7.95,5.2,1
6.65,1.29,9.81,2.17,1
4.92,5.02,7.17,0.17,1
4.92,1.85,5.75,1.23,1
2.32,0.53,8.02,1.58,0
4.97,2.83,9.24,5.62,1
6.57,1.79,6.61,0.67,1
2.83,1.25,8.01,1.83,0
7.35,0.86,8.47,1.19,1
4.32,6.65,8.22,2.75,0
2.72,2.12,7.15,1.22,0
6.5,0.0,6.16,0.29,1
3.93,4.74,6.9,1.71,0
6.02,3.42,7.55,1.55,1
3.92,1.35,8.09,1.11,1
4.38,1.1,7.4,1.19,1
5.49,3.51,6.54,3.78,0
5.08,2.13,7.67,1.52,1
0.51,0.0,8.03,0.3,0
2.26,5.18,7.46,1.31,0
6.36,1.85,6.0,2.08,0
4.24,4.74,6.78,0.0,1
3.45,4.42,8.14,4.44,0
1.78,1.0,5.34,3.3,1
2.34,4.05,4.49,4.15,0
0.46,1.52,8.81,2.59,0
4.3,0.0,7.61,0.0,0
3.3,1.86,7.73,4.3,1
2.57,3.1,5.71,0.7,0
4.36,1.81,7.89,0.83,1
5.23,2.04,7.33,2.23,1
8.69,4.22,5.1,4.07,1
1.48,2.66,8.71,3.58,1
6.82,1.24,7.19,3.36,1
6.45,3.55,6.52,1.53,1
2.94,2.8,6.55,1.51,1
4.91,0.0,4.58,2.52,1
3.58,3.14,7.71,1.8,1
4.87,3.09,7.31,3.33,0
7.52,2.53,6.77,3.25,1
5.71,3.84,8.53,2.89,0
5.52,1.49,5.34,0.0,1
3.64,3.0,6.28,2.19,1
1.53,0.15,5.98,1.84,0
4.08,3.11,6.67,2.25,0
6.91,5.43,7.08,0.87,0
1.45,1.01,7.52,0.01,1
2.39,1.36,6.58,2.69,0
4.75,1.43,5.95,1.47,0
2.53,2.69,9.02,2.86,1
2.91,0.91,9.89,0.99,0
3.65,3.13,7.17,4.12,1
1.77,3.77,6.09,3.5,0
2.55,3.3,8.77,2.45,1
5.91,0.0,5.26,1.68,1
1.89,3.99,6.6,3.28,0
1.3,3.91,6.16,2.59,0
3.24,3.75,5.61,2.36,1
5.96,3.06,6.66,3.56,1
4.11,2.83,5.96,4.14,0
3.57,4.05,7.02,0.12,1
4.59,5.39,7.03,0.42,1
1.01,1.07,6.25,0.83,1
5.49,4.12,6.56,0.0,1
5.27,2.37,6.72,1.91,0
3.68,2.31,7.97,2.9,1
6.51,0.2,6.82,1.97,1
2.25,2.07,7.99,1.2,0
6.76,1.0,7.7,3.69,1
4.81,1.8,7.69,2.21,1
3.83,0.85,8.67,2.51,1
4.46,1.83,5.66,3.73,1
4.29,1.89,6.43,1.82,1
6.94,2.65,9.12,5.09,1
2.35,0.08,6.69,1.33,1
2.97,0.33,3.62,5.0,0
6.57,3.04,6.76,0.54,1
3.31,1.3,7.16,2.78,1
6.3,4.11,3.86,1.04,1
7.9,2.84,8.6,3.68,1
3.7,3.41,6.14,1.28,0
5.86,4.62,7.39,2.44,1
2.19,2.04,6.73,1.02,0
6.01,1.64,5.45,3.41,1
4.9,3.81,5.72,1.02,0
5.45,3.26,5.88,4.53,0
3.21,2.22,8.3,0.51,1
1.18,4.59,6.82,0.0,0
5.51,2.18,6.37,3.43,1
0.37,2.55,5.88,1.11,0
3.87,2.53,8.44,1.99,1
6.38,1.1,8.76,1.52,1
4.88,2.62,8.42,0.03,1
8.4,4.6,7.59,1.88,1
6.55,3.17,7.35,3.9,1
3.19,2.55,5.54,3.5,0
4.55,2.26,6.71,2.35,1
4.41,3.0,6.18,3.67,1
1.34,3.62,4.81,0.41,1
2.62,3.41,8.27,1.51,0
3.38,2.0,6.17,2.59,1
0.43,2.99,8.44,1.8,0
4.59,3.22,8.06,1.63,0
4.0,0.99,7.67,0.2,1
1.15,2.75,7.74,0.0,1
5.31,0.0,6.26,3.23,1
5.93,3.22,9.23,2.36,1
4.95,3.49,7.05,3.35,0
3.85,3.62,7.36,1.34,1
5.68,1.91,6.22,0.93,1
5.86,2.96,5.88,2.01,1
5.11,4.64,7.57,3.28,0
2.85,4.62,7.26,1.65,0
5.05,2.46,6.05,3.2,1
6.89,2.71,5.27,0.49,1
3.31,4.17,5.48,1.76,0
8.7,0.25,8.44,1.89,1
3.45,2.02,6.26,3.84,0
4.56,4.5,6.59,2.31,0
3.16,3.96,8.74,4.62,0
4.95,3.05,5.65,0.0,1
1.02,0.24,6.13,2.19,0
3.41,2.43,6.08,2.27,0
2.32,1.62,8.94,2.93,1
4.77,3.0,9.39,0.78,1
6.49,1.29,7.9,4.53,1
5.79,0.96,7.94,2.02,1
0.0,0.0,6.3,0.37,0
8.58,4.33,9.34,1.98,1
5.09,1.9,7.32,1.53,0
2.95,2.74,8.02,6.17,0
4.81,2.5,6.87,3.57,0
4.85,0.9,6.68,2.07,1
3.17,0.61,9.0,1.83,0
4.9,0.99,7.65,3.43,1
3.29,1.42,8.74,3.5,1
3.69,3.05,7.31,0.0,1
3.13,1.31,5.98,2.96,0
1.63,5.12,6.3,2.04,0
4.79,4.04,7.12,0.03,1
5.67,3.71,6.25,3.32,0
5.53,2.32,5.67,5.37,0
6.14,4.77,8.44,2.84,1
5.15,2.17,6.35,3.65,1
3.43,2.45,7.17,4.71,0
6.18,2.75,7.36,0.75,1
1.78,3.55,6.29,0.0,1
2.7,3.46,8.74,2.99,1
2.57,1.79,5.66,1.63,1
6.66,1.7,7.31,0.0,1
6.39,3.46,7.3,1.88,1
5.47,3.57,6.93,3.09,1
6.64,1.91,5.44,1.78,0
2.74,0.12,8.04,0.82,1
5.2,2.19,7.89,1.66,1
4.25,3.44,6.19,1.97,1
6.19,5.21,7.85,0.0,1
4.27,0.7,7.45,1.79,1
3.73,1.86,5.46,0.0,0
5.58,1.92,5.98,2.99,1
6.25,4.53,8.37,0.0,1
3.16,2.45,7.37,3.52,1
4.38,1.14,6.32,1.39,1
2.38,3.34,5.97,1.19,0
0.0,1.89,6.38,2.44,0
4.9,0.66,6.47,0.7,1
5.72,1.16,5.98,2.42,1
5.02,5.1,4.91,0.9,0
0.6,3.08,8.37,1.16,0
3.8,2.66,8.16,2.61,0
0.06,2.13,5.47,0.29,0
7.24,2.94,7.16,0.1,1
2.33,2.92,5.92,2.37,0
7.01,2.94,6.69,1.96,0
6.39,2.67,6.59,2.25,1
2.7,3.8,6.49,2.49,0
2.23,2.53,9.4,2.09,0
5.2,1.03,6.47,2.91,1
2.81,1.58,6.03,2.15,0
4.7,0.0,6.08,0.0,1
3.53,5.54,8.25,0.0,1
0.94,3.79,5.02,4.89,0
0.04,1.25,6.08,2.0,0
4.95,2.08,8.74,3.43,0
3.38,1.54,7.29,1.48,1
3.39,4.81,7.23,1.91,0
5.89,0.37,9.56,1.32,1
6.85,2.67,7.3,5.7,1
3.95,2.34,6.15,2.38,1
3.82,3.74,6.66,1.2,0
5.5,2.34,5.64,0.0,1
1.79,0.0,8.51,4.96,0
4.95,2.12,7.69,1.76,1
5.6,1.04,8.35,3.12,1
5.86,2.62,8.46,3.28,1
0.63,4.65,6.5,1.31,0
2.98,0.0,5.87,3.01,1
2.74,1.3,6.94,1.09,0
4.7,1.67,5.95,0.51,1
5.46,1.93,7.2,3.75,1
7.49,3.61,8.36,1.76,1
3.51,2.24,6.8,2.78,1
3.5,3.12,7.18,2.62,1
6.8,1.56,6.89,2.96,1
5.09,2.84,7.96,0.0,1
7.04,3.67,6.2,1.12,1
5.08,1.4,4.36,1.51,1
2.19,3.67,7.57,0.75,1
1.83,2.58,8.19,2.64,0
1.4,4.07,7.54,3.78,0
5.82,2.2,6.23,4.02,1
6.88,3.07,5.64,1.49,1
8.2,2.44,7.59,2.44,1
6.19,2.36,7.17,2.67,1
6.83,2.89,6.85,2.93,1
3.34,3.31,9.19,0.68,0
2.19,0.63,5.86,4.73,0
6.2,4.65,9.13,3.39,1
5.34,0.0,7.04,3.43,1
4.71,1.47,4.8,3.81,0
5.27,2.36,6.78,2.8,1
5.15,3.12,8.15,0.46,1
7.07,4.86,6.56,1.79,1
7.09,0.0,5.23,0.0,1
5.59,1.74,6.8,2.62,1
6.19,0.0,5.97,1.75,1
5.53,2.55,7.59,1.94,1
3.58,2.91,7.93,3.81,1
6.01,4.89,5.73,1.31,1
1.71,2.68,6.15,1.62,1
6.61,4.07,7.91,2.03,1
2.11,3.38,5.97,0.0,1
5.07,1.85,5.7,1.6,1
2.81,0.39,5.59,0.0,1
5.61,2.91,7.42,1.12,1
4.43,0.26,7.37,3.28,1
1.31,4.44,6.18,2.67,0
5.34,2.26,7.01,1.11,1
3.34,4.29,8.83,2.06,1
6.26,1.78,5.83,0.39,1
4.5,2.9,4.66,2.0,1
5.29,2.81,7.55,6.4,0
2.58,2.43,6.87,4.77,0
3.32,1.85,6.15,2.08,1
3.58,3.09,7.78,2.24,0
6.21,1.11,8.01,0.53,1
7.85,0.69,4.35,0.8,1
2.89,4.36,6.22,2.54,0
6.65,3.59,9.78,1.21,1
0.16,2.6,7.7,3.36,0
2.11,5.0,7.81,4.35,0
2.58,2.1,8.41,2.5,0
1.79,4.48,7.02,2.15,0
1.33,2.76,7.96,0.0,0
5.33,0.96,7.86,3.12,1
4.07,5.27,7.65,0.28,1
5.26,3.99,6.61,1.37,1
5.88,2.32,7.21,3.44,1
5.03,3.59,6.29,3.54,0
5.82,1.89,7.02,1.3,1
4.36,3.74,5.6,1.39,0
2.13,0.0,6.05,0.95,1
6.62,0.97,6.66,0.2,1
3.32,3.97,5.87,1.05,1
2.63,2.13,6.39,0.0,1
4.14,2.81,6.8,3.02,0
2.67,0.48,7.48,2.59,1
3.67,5.27,8.14,2.84,0
5.19,4.29,6.44,0.57,1
5.2,2.2,8.6,0.21,1
2.7,1.89,8.13,2.08,0
3.52,4.04,7.6,2.1,1
6.65,5.47,7.18,1.78,1
5.49,3.93,7.38,1.57,1
8.65,5.76,8.42,4.57,1
6.86,1.12,8.47,2.64,1
6.79,1.27,8.6,4.96,0
1.72,0.72,7.05,3.9,0
6.03,3.16,7.67,4.55,1
4.39,2.76,8.61,0.39,1
3.4,2.27,6.25,2.89,1
4.84,3.71,6.62,1.35,0
6.39,4.35,7.02,0.0,1
5.5,0.21,8.08,4.24,1
2.74,1.6,8.1,1.56,1
5.98,3.73,6.72,0.42,1
3.22,1.8,5.19,1.38,1
4.93,1.3,7.3,0.81,1
3.89,4.03,5.9,0.96,1
4.06,0.57,5.21,1.67,0
6.03,2.05,5.48,4.6,1
2.42,2.99,7.39,1.0,0
8.39,1.64,8.63,4.49,1
0.86,3.67,7.05,3.27,0
3.3,1.65,7.25,2.59,1
5.24,4.61,8.42,3.12,1
5.67,2.31,5.15,2.02,1
4.3,3.51,7.62,3.93,0
4.39,3.62,6.99,2.85,1
5.32,1.56,7.68,0.0,1
4.04,0.0,6.42,2.44,0
7.29,3.04,6.02,3.18,1
6.18,2.61,7.17,1.57,1
6.25,3.33,8.98,2.19,1
2.57,2.16,8.03,1.08,0
4.34,1.85,6.39,0.0,1
3.9,5.51,5.39,0.0,0
2.49,0.29,4.98,0.0,1
5.22,3.6,8.58,3.0,0
3.42,1.64,5.85,0.0,0
5.81,2.0,6.61,1.0,1
2.36,2.02,8.59,0.85,1
7.94,1.29,5.06,1.58,1
2.71,3.36,8.79,0.0,0
4.94,4.59,6.7,2.61,0
6.08,3.21,5.62,0.09,1
3.36,2.66,6.7,3.7,0
6.2,1.02,6.13,1.07,1
2.04,3.28,7.53,1.86,0
7.4,5.73,6.22,2.01,0
4.53,1.93,4.71,2.37,0
3.31,1.94,6.74,2.06,0
3.9,1.66,5.37,1.36,1
6.12,1.77,7.25,2.51,1
3.33,0.0,5.58,2.7,1
3.0,3.11,6.41,0.85,0
4.06,1.23,7.22,2.64,1
2.15,0.08,6.75,3.79,1
8.14,3.63,7.3,3.06,1
3.37,0.88,7.82,3.4,1
6.16,1.99,5.61,2.26,0
4.92,4.7,6.92,0.6,0
2.53,0.39,3.0,0.79,0
4.49,0.2,7.3,2.48,1
6.07,2.9,6.64,3.41,0
4.12,4.22,5.82,6.18,0
6.89,0.14,7.38,3.47,1
6.54,3.11,8.41,0.24,1
6.34,3.37,6.43,0.85,1
3.58,0.0,5.87,5.42,1
2.34,3.7,7.2,1.68,0
3.27,3.81,5.4,2.07,0
4.89,2.03,6.21,0.56,1
5.59,4.38,8.47,4.35,1
0.16,4.2,7.07,2.75,0
4.48,2.65,4.74,0.84,1
4.82,1.82,4.84,0.51,1
3.94,1.04,7.19,2.46,1
7.08,2.44,8.03,2.07,1
5.34,3.35,5.06,3.25,1
7.12,2.01,7.54,2.82,0
4.07,0.0,8.6,1.6,1
6.37,4.4,9.27,1.18,1
7.77,2.79,7.4,1.76,1
7.12,1.93,7.61,1.17,1
2.32,3.79,4.44,1.8,0
3.99,4.79,9.52,2.02,0
3.81,0.0,6.31,0.65,1
5.48,3.15,5.88,2.95,1
5.87,0.36,6.69,1.44,1
2.82,3.25,8.81,0.74,0
4.64,2.69,9.65,1.47,1
0.46,3.45,7.15,2.36,0
7.38,1.75,8.2,2.12,1
3.48,0.0,7.05,2.63,1
4.61,1.82,5.75,3.35,1
3.88,3.11,8.77,3.96,1
6.79,4.02,6.25,2.43,1
0.0,0.74,8.84,0.4,0
4.47,4.04,8.56,1.6,1
4.29,1.53,7.74,0.49,1
3.59,3.04,9.19,4.55,1
7.95,1.74,9.68,4.98,0
2.73,2.77,6.79,2.98,0
6.04,3.84,6.03,3.29,1
5.21,0.66,4.76,2.38,1
7.02,1.48,9.69,2.55,1
3.17,2.78,6.47,0.0,0
3.03,6.1,8.36,1.89,0
6.69,1.21,6.11,0.68,0
5.35,5.56,8.85,2.42,1
1.41,5.51,6.16,1.91,0
3.42,2.35,5.57,4.92,0
5.27,2.05,6.75,3.37,0
6.18,1.46,6.36,2.43,1
3.14,2.4,7.72,1.6,0
0.0,0.39,6.94,4.51,0
5.55,2.39,7.75,1.96,1
2.06,4.75,6.65,2.5,0
0.47,1.58,6.2,2.06,0
0.0,2.14,6.3,1.39,0
6.13,0.0,9.45,2.05,1
4.76,3.06,7.27,0.0,0
4.05,2.9,4.62,0.0,1
7.28,2.6,6.38,2.52,1
5.77,2.17,7.12,4.35,1
7.73,2.06,9.21,2.52,1
1.71,3.25,8.23,0.92,0
4.43,2.46,5.89,0.0,1
1.27,2.97,9.9,3.18,0
4.04,2.82,6.96,1.15,0
4.0,4.19,8.5,2.96,0
5.75,3.52,5.61,2.58,1
4.59,2.79,4.12,2.72,1
5.75,4.78,5.31,2.05,0
5.91,3.13,3.1,2.58,1
8.81,4.46,9.53,1.82,1
3.87,3.41,7.26,1.05,0
2.62,0.0,5.89,0.55,1
4.99,4.46,7.54,0.0,0
2.9,2.7,7.23,1.73,0
7.46,2.42,7.75,4.28,0
3.93,2.92,8.45,3.1,1
3.37,1.98,6.65,2.34,0
3.56,2.84,5.94,0.9,1
5.94,1.61,7.99,3.5,1
4.18,4.41,7.96,1.82,1
3.22,2.33,7.12,4.36,0
7.83,1.93,9.61,0.53,1
2.79,1.11,6.47,0.88,1
4.57,2.9,5.92,0.73,1
5.8,2.78,7.5,0.0,1
1.24,3.08,6.19,0.59,0
5.46,0.96,7.59,2.15,1
2.39,0.1,6.0,0.93,0
6.15,3.44,6.52,0.0,1
2.57,4.73,9.27,3.61,0
5.89,0.96,6.51,0.0,1
6.71,4.88,6.04,2.88,0
6.22,2.93,8.4,2.05,1
5.0,2.49,5.74,5.18,0
4.04,1.9,6.17,3.5,1
3.35,0.42,7.69,1.24,0
7.44,3.98,8.13,0.95,1
3.1,1.34,8.46,4.25,1
2.43,1.33,6.1,0.0,0
5.83,3.99,7.72,2.29,0
2.91,0.0,6.44,1.8,1
2.6,0.21,6.27,1.49,1
1.61,2.47,8.44,2.53,0
3.53,2.94,6.34,2.28,1
4.33,3.23,7.33,2.69,0
4.99,2.05,7.19,2.21,1
6.4,6.3,5.72,2.63,1
5.55,2.16,8.16,2.14,1
4.12,2.15,7.67,1.01,1
4.1,1.3,4.62,2.01,0
5.52,2.69,7.33,0.93,1
7.05,3.42,6.07,0.83,1
4.75,4.31,8.32,1.5,1
3.56,0.27,5.27,1.82,0
2.51,2.13,6.57,2.05,0
1.61,3.17,7.43,3.37,0
5.83,3.38,7.07,1.25,1
5.66,2.51,7.92,2.3,1
5.65,3.31,5.18,2.18,1
4.24,1.29,8.98,1.09,1
7.31,4.84,7.63,2.11,1
3.53,3.99,8.63,3.5,0
6.41,0.48,8.05,2.28,1
4.42,0.89,6.99,2.34,1
3.28,0.93,5.46,0.94,1
5.69,3.52,6.32,4.95,1
5.32,0.57,8.91,1.03,1
5.21,2.0,8.66,0.0,1
4.66,3.18,6.26,3.29,0
4.42,2.4,3.62,1.83,1
9.28,2.89,6.74,1.55,1
6.87,0.9,6.65,1.18,1
5.95,3.39,6.7,4.81,1
4.72,1.58,7.63,2.53,1
6.51,2.01,8.05,2.82,0
5.54,2.86,8.19,2.24,0
4.55,2.65,7.53,2.41,0
3.89,2.54,4.84,4.1,1
4.34,1.37,6.59,1.62,0
0.0,2.05,9.76,0.0,0
4.92,2.5,7.45,3.3,1
3.52,0.44,7.44,2.75,1
7.69,1.81,7.43,2.16,1
4.54,3.08,7.5,2.71,1
2.12,0.58,4.14,1.44,0
4.4,4.23,6.71,2.03,1
2.41,4.4,6.95,1.8,1
5.45,0.63,8.54,1.11,1
5.08,4.54,7.06,3.78,1
6.42,2.28,5.02,0.0,1
2.92,3.13,7.52,5.54,1
4.57,1.76,6.04,3.32,1
1.77,3.88,5.54,0.0,0
5.9,3.11,6.0,1.66,1
5.54,1.28,7.65,1.75,1
5.49,0.75,8.51,2.59,1
4.5,0.31,7.58,0.52,1
5.33,2.78,7.76,2.05,1
7.71,3.36,7.57,1.82,1
3.93,3.48,7.12,0.89,1
4.78,2.32,7.84,0.68,1
2.33,0.76,4.1,3.38,0
2.76,1.48,7.13,0.0,0
4.7,4.23,5.75,2.72,1
6.71,1.77,8.4,3.2,1
3.99,2.72,6.82,1.67,0
4.03,0.89,7.04,2.08,0
3.69,3.0,5.19,3.75,0
3.43,1.81,8.22,0.94,0
5.09,4.07,7.75,1.1,1
1.51,3.66,7.67,1.26,1
7.06,1.76,6.02,3.75,1
3.17,2.31,6.07,3.94,0
5.94,1.67,7.27,0.0,1
1.96,0.37,6.17,3.51,0
5.84,1.21,7.52,3.23,1
5.84,2.8,4.41,4.33,0
5.27,2.99,6.41,2.58,0
2.51,2.72,9.16,1.93,0
5.0,2.05,7.53,3.72,1
2.13,3.9,7.2,3.05,0
3.99,2.6,9.38,5.37,0
6.56,3.55,4.2,3.44,1
6.09,0.0,6.02,2.23,1
4.53,0.0,6.52,0.24,1
2.55,2.93,8.03,1.13,1
5.79,0.36,8.05,0.0,1
4.54,2.18,5.96,1.68,1
0.0,2.05,8.2,3.39,0
6.07,4.88,6.52,1.99,1
4.45,3.1,8.45,3.53,1
6.9,2.75,5.76,2.51,1
2.31,3.76,6.85,1.4,0
0.0,3.05,6.41,2.13,0
5.06,1.81,8.27,2.71,0
5.08,4.11,6.37,2.21,0
1.12,0.84,6.95,2.23,0
2.54,2.98,7.61,0.85,1
10.0,0.18,7.65,1.35,1
3.89,2.81,8.06,5.39,0
5.96,2.79,7.25,3.84,1
3.2,5.01,6.5,0.0,0
0.32,0.15,6.58,0.0,0
4.16,1.6,7.03,2.11,1
3.97,3.73,7.3,3.34,0
3.7,3.0,6.82,1.22,0
4.27,2.77,7.02,3.53,0
5.03,1.07,5.18,2.09,0
4.2,1.61,7.8,1.76,0
1.97,4.37,7.22,3.13,0
5.47,2.42,8.2,1.2,0
0.6,3.06,7.0,1.57,0
0.4,2.33,4.91,3.01,0
5.98,0.73,6.57,1.95,1
5.51,3.9,6.76,4.86,1
4.39,3.25,7.89,3.04,1
1.71,5.96,4.52,2.94,0
3.08,0.98,7.05,1.93,0
3.97,3.73,7.62,3.31,0
1.31,0.53,6.21,1.52,0
3.02,2.74,7.09,2.42,1
5.8,3.96,6.25,0.63,0
7.35,0.0,6.12,3.56,1
3.66,2.19,6.51,2.44,1
6.01,1.66,6.15,4.97,1
0.67,1.45,7.82,5.59,0
5.82,3.08,6.12,3.14,1
2.89,4.18,5.92,2.1,0
5.11,2.3,9.12,0.58,1
4.0,2.81,8.15,3.36,0
7.14,2.67,4.77,2.32,1
2.75,2.5,6.08,2.81,1
5.76,0.87,7.29,4.59,1
3.94,4.16,7.39,0.76,0
4.18,2.94,5.21,0.61,0
4.13,3.09,8.39,1.65,0
2.81,1.29,7.99,3.23,0
4.47,1.81,7.58,2.83,0
4.37,2.24,8.63,0.66,0
4.98,0.2,7.54,3.13,1
4.67,0.0,7.54,0.2,0
6.1,1.6,8.87,0.74,1
6.35,3.28,8.32,1.83,0
2.4,1.52,5.99,1.17,0
6.24,0.97,7.76,3.33,1
2.13,1.28,6.2,2.43,1
5.68,1.82,7.6,4.65,1
5.74,1.97,7.57,1.63,1
0.68,5.75,5.34,1.82,0
4.69,4.08,6.85,3.82,0
3.56,4.04,7.32,1.86,0
2.98,4.25,6.48,4.24,0
7.2,1.0,7.38,2.81,1
3.19,0.67,7.97,0.0,1
2.89,0.84,6.96,3.77,0
4.65,4.5,7.27,3.37,1
5.87,1.68,8.66,3.43,1
4.22,0.62,7.57,0.0,1
6.83,1.85,7.24,1.01,1
5.56,2.14,5.85,1.12,1
0.14,2.9,7.81,0.74,0
3.44,2.88,7.4,4.61,0
3.38,1.26,8.54,1.98,0
5.46,3.53,7.06,1.95,1
0.0,1.54,4.82,2.83,0
9.6,2.27,4.96,2.85,1
5.56,3.53,7.88,0.0,1
4.8,1.54,6.32,1.03,1
6.86,1.65,7.52,0.0,1
9.19,3.39,7.14,2.6,1
6.24,1.21,6.8,1.57,1
6.4,1.92,6.88,2.02,1
4.76,3.33,5.96,0.0,0
4.22,5.58,6.98,1.54,0
3.55,3.41,6.3,3.67,0
2.85,3.21,6.55,4.11,1
3.13,3.3,6.61,3.08,0
1.8,0.89,6.73,0.0,1
4.35,2.67,8.11,3.89,1
1.13,2.46,6.84,3.09,1
4.88,2.98,8.23,1.82,0
4.43,2.67,8.85,0.0,1
4.79,3.07,8.03,3.43,0
3.46,2.03,7.64,1.11,0
10.0,2.59,7.39,2.52,1
7.22,0.66,8.04,2.1,1
2.01,2.02,7.11,4.31,0
4.97,4.59,8.18,1.81,1
3.28,2.98,7.74,1.98,1
2.47,2.47,6.57,4.37,0
1.82,5.34,8.08,1.01,0
5.36,0.46,7.11,3.22,1
3.14,0.84,6.87,1.7,0
6.44,5.07,6.43,0.5,1
6.49,2.57,7.2,2.0,1
7.25,2.14,8.2,3.04,1
2.8,0.7,8.07,4.03,0
5.45,3.17,7.42,4.21,1
5.76,3.32,7.72,1.56,1
3.55,0.86,8.53,0.52,0
2.96,2.29,6.82,1.52,1
7.72,2.0,5.66,0.23,1
4.95,2.88,8.56,1.67,1
5.77,0.82,6.36,1.49,1
2.86,4.38,6.17,3.09,0
2.06,3.87,4.84,0.0,0
3.36,1.96,7.69,0.9,1
4.25,2.18,5.05,0.91,1
2.37,2.3,6.1,3.78,0
4.48,1.33,7.71,0.33,1
1.12,1.83,7.87,2.34,1
2.26,2.09,6.22,1.81,0
5.84,4.92,6.84,3.56,1
5.71,3.92,5.95,2.89,0
3.72,3.9,6.34,2.18,1
2.46,3.05,7.32,1.17,0
2.45,0.82,6.4,0.0,1
3.75,2.44,6.71,2.37,0
5.79,3.96,5.24,2.8,1
6.36,0.61,8.36,0.0,1
3.51,3.45,7.61,0.15,1
2.19,5.98,7.95,2.38,0
5.04,4.09,8.55,2.51,1
2.85,4.62,6.01,0.51,0
3.46,2.83,6.57,1.14,0
7.15,3.95,4.73,0.0,1
6.15,1.42,10.0,4.07,1
4.82,3.69,6.82,0.05,0
1.96,3.48,8.25,2.81,0
4.92,2.93,5.51,1.95,0
6.63,4.47,8.2,3.93,1
3.75,1.69,9.23,0.81,1
7.2,2.22,6.93,2.09,1
7.09,2.64,5.79,0.0,1
7.83,0.96,6.83,0.0,1
5.11,2.84,4.33,2.89,0
5.67,0.0,6.95,0.0,1
7.33,4.07,7.99,1.66,1
5.39,2.57,6.96,3.52,1
3.5,1.72,6.66,3.12,1
3.6,1.25,7.63,1.0,0
4.98,2.15,7.72,0.0,1
1.92,3.53,5.01,2.76,0
4.21,3.32,7.11,4.01,1
6.69,1.44,9.92,1.01,1
0.12,1.23,5.4,0.8,0
7.57,3.49,6.9,1.21,1
6.74,1.42,9.33,2.86,0
3.58,2.59,8.33,3.84,1
5.59,2.69,6.38,0.14,1
4.51,2.97,7.25,0.0,1
6.96,3.79,7.0,5.51,0
6.47,0.61,6.1,1.73,1
1.7,0.0,6.91,2.38,0
5.67,1.65,6.66,0.96,1
4.09,5.2,7.14,2.73,0
4.67,5.53,6.1,3.44,1
3.04,5.25,5.47,2.45,0
8.0,2.21,6.95,4.61,1
6.58,0.0,9.06,1.51,1
3.02,0.0,7.1,1.61,0
1.83,1.58,6.6,2.35,0
3.73,2.2,7.9,2.7,0
5.37,4.45,6.81,2.34,1
4.98,3.8,9.24,0.07,1
7.01,2.84,7.0,2.47,0
6.08,1.17,7.84,1.44,1
6.44,1.06,6.09,1.13,0
5.15,2.88,7.6,2.05,1
1.72,3.55,7.33,0.56,1
4.11,3.09,6.93,0.3,1
6.62,0.95,6.4,0.0,1
4.4,3.48,6.23,4.62,1
5.51,3.14,7.34,2.83,1
3.86,0.89,7.75,1.82,1
2.44,1.32,6.85,1.0,1
4.25,3.53,7.34,0.0,1
5.12,2.15,6.95,0.91,1
3.19,4.88,7.12,3.07,0
4.03,3.25,6.76,3.41,0
2.62,1.77,7.02,2.96,0
6.74,2.48,10.0,2.24,1
3.91,2.6,7.37,3.96,0
7.41,1.41,7.77,1.51,1
7.56,1.13,7.53,3.63,1
4.34,3.55,6.68,1.42,1
2.48,3.77,8.55,0.68,1
0.33,3.41,6.65,0.49,0
1.56,4.77,8.27,0.4,0
1.75,1.69,6.6,2.99,0
7.26,5.01,5.85,0.89,1
4.73,1.15,7.44,0.45,1
5.28,0.98,5.67,3.07,0
0.06,0.0,7.64,2.49,0
2.1,1.83,5.57,3.44,0
6.27,1.74,6.62,2.77,0
5.07,3.29,5.28,0.87,1
4.21,2.87,10.0,2.11,1
5.63,0.71,5.02,2.19,0
7.77,1.91,7.01,0.62,1
4.06,1.94,8.37,0.34,1
4.64,0.0,8.24,0.98,1
4.89,1.03,8.02,5.05,1
9.28,1.34,6.62,1.38,1
0.3,4.65,8.62,3.85,0
5.87,2.79,8.1,1.3,1
4.27,3.49,7.25,3.33,1
5.63,0.25,7.29,3.35,1
3.19,4.29,6.64,3.43,0
4.4,4.45,5.91,2.58,0
5.92,0.0,8.48,4.07,1
10.0,1.44,8.57,2.57,1
6.12,3.24,5.94,4.57,0
2.8,3.47,6.82,0.0,0
